11-15801,aHR0cDovL3RzaG9wLnIxMHMuanAvaWktc2FrdXJhL2NhYmluZXQvMDExMjc0NDkvb3RxLWc0NzAydy1yMS5qcGc/Zml0aW49NzAwOjcwMA==,OTQyNDAuMDAwMA==,,vNLriiA+INeh1azUT4LkvNLriiA+IKS9pM7L+9eh1azUT4LkvNLrig==,pc6pYKXqpcQgob5PVFEtRzQ3MDJXob+l3qXrpcGl6qXipbOl87i2NDYuNWtXoaHKr9PNpNWk7b1vnKuZQ6Ghzt3N4rHakuzQzg==,oaE=,PGJyPjxicj48aW1nIHNyYz0iaHR0cDovL2ltYWdlLnJha3V0ZW4uY28uanAvaWktc2FrdXJhL2NhYmluZXQvbm9iZS04L2hvc2h1LmpwZyAiPg==,pc6pYKXqpcQgob5PVFEtRzQ3MDJXob+l3qXrpcGl6qXipbOl87i2NDYuNWtXoaHKr9PNpNWk7b1vnKuZQ6Ghzt3N4rHakuzQzqO6pKKkpKSipKSlt6XnpcOl16S1pK+k6Q==,pc6pYKXqpcQgob5PVFEtRzQ3MDJXob+l3qXrpcGl6qXipbOl87i2NDYuNWtXoaHKr9PNpNWk7b1vnKuZQ6Ghzt3N4rHakuzQzg==,oaGho6XOqWCl6qXEIKG+T1RRLUc0NzAyV6G/pd6l66XBpeql4qWzpfO4tjQ2LjVrV6Ghyq/TzaTVpO29b5yrmUOhoc7dzeKx2pLs0M4=[rn]
11-15802,aHR0cDovL3RzaG9wLnIxMHMuanAvaWktc2FrdXJhL2NhYmluZXQveW91a2k2L290cS0zNzA0Zi5qcGc/Zml0aW49NzAwOjcwMA==,MTA3Njg4LjAwMDA=,,vNLriiA+INeh1azUT4LkvNLriiA+IKS9pM7L+9eh1azUT4LkvNLrig==,pc6pYKXqpcQgyq/TzaTVpO29b5yrxvehvk9UUS0zNzA0RiBCTKG/KKXepeulwaXqpeKls6XzuLYpIL1vnKsr17ekpKTApK0g1rGIUsq9IJjLnMogzt3E2i/O3c3ivObTw9DOIEJM1Uq2qMa3,yq/Tzb1vnKvG91xOT1JJVFpcmMucyg==,zKjL+aXqpeKls6XzpM+xvszl18XN0cq9oaLUocrSpeql4qWzpfOkz7G+zOXI67i2PGJyPqH5peql4qWzpfOls6lgpcmEZYnTpMekuaGjPGJyPjxicj48YnI+PGJyPk9UUS0zNzA0Ri1CTC9PVFEtMzcwNEZCTDxicj4KPGJyPjxicj48aW1nIHNyYz0iaHR0cDovL2ltYWdlLnJha3V0ZW4uY28uanAvaWktc2FrdXJhL2NhYmluZXQvbm9iZS04L2hvc2h1LmpwZyI+,pc6pYKXqpcQgyq/TzaTVpO29b5yrxvehvk9UUS0zNzA0RiBCTKG/KKXepeulwaXqpeKls6XzuLYpIL1vnKsr17ekpKTApK0g1rGIUsq9IJjLnMogzt3E2i/O3c3ivObTw9DOIEJM1Uq2qMa3o7qkoqSkpKKkpKW3peelw6XXpLWkr6Tp,pc6pYKXqpcQgyq/TzaTVpO29b5yrxvehvk9UUS0zNzA0RiBCTKG/KKXepeulwaXqpeKls6XzuLYpIL1vnKsr17ekpKTApK0g1rGIUsq9IJjLnMogzt3E2i/O3c3ivObTw9DOIEJM1Uq2qMa3,yq/Tzb1vnKvG91xOT1JJVFpcmMucyqGjpc6pYKXqpcQgyq/TzaTVpO29b5yrxvehvk9UUS0zNzA0RiBCTKG/KKXepeulwaXqpeKls6XzuLYpIL1vnKsr17ekpKTApK0g1rGIUsq9IJjLnMogzt3E2i/O3c3ivObTw9DOIEJM1Uq2qMa3[rn]
11-15803,aHR0cDovL3RzaG9wLnIxMHMuanAvaWktc2FrdXJhL2NhYmluZXQvMDExMjc0NDkvb3R4LWg0MTVmdi1yMS5qcGc/Zml0aW49NzAwOjcwMA==,ODc4NDAuMDAwMA==,,vNLriiA+INeh1azUT4LkvNLriiA+IKS9pM7L+9eh1azUT4LkvNLrig==,pc6pYKXqpcQgob5PVFgtSDQxNUZWob80NS45a3cgIKXepeulwaXqpeKls6XzuLYgyq/TzaTVpO29b5yrmUPO3cTavt3Ww9DO,oaE=,PGJyPjxicj48aW1nIHNyYz0iaHR0cDovL2ltYWdlLnJha3V0ZW4uY28uanAvaWktc2FrdXJhL2NhYmluZXQvbm9iZS04L2hvc2h1LmpwZyAiPg==,pc6pYKXqpcQgob5PVFgtSDQxNUZWob80NS45a3cgIKXepeulwaXqpeKls6XzuLYgyq/TzaTVpO29b5yrmUPO3cTavt3Ww9DOo7qkoqSkpKKkpKW3peelw6XXpLWkr6Tp,pc6pYKXqpcQgob5PVFgtSDQxNUZWob80NS45a3cgIKXepeulwaXqpeKls6XzuLYgyq/TzaTVpO29b5yrmUPO3cTavt3Ww9DO,oaGho6XOqWCl6qXEIKG+T1RYLUg0MTVGVqG/NDUuOWt3ICCl3qXrpcGl6qXipbOl87i2IMqv082k1aTtvW+cq5lDzt3E2r7d1sPQzg==[rn]
11-15804,aHR0cDovL3RzaG9wLnIxMHMuanAvaWktc2FrdXJhL2NhYmluZXQveW91a2k2L290cS00NzA0ZmYuanBnP2ZpdGluPTcwMDo3MDA=,OTQ0MjYuNDAwMA==,,vNLriiA+INeh1azUT4LkvNLriiA+IKS9pM7L+9eh1azUT4LkvNLrig==,pc6pYKXqpcQgyq/TzaTVpO29b5yrxvehvk9UUS00NzA0Rkahvyil3qXrpcGl6qXipbOl87i2KSC9b5yrK9e3pKSkwKStINaxiFLKvSCYy5zKpb+lpKXXIM7dxNq+3dbD0M4=,yq/Tzb1vnKvG91xOT1JJVFpcmMucyg==,zKjL+aXqpeKls6XzpM+xvszl18XN0cq9oaLUocrSpeql4qWzpfOkz7G+zOXI67i2PGJyPqH5peql4qWzpfOls6lgpcmEZYnTpMekuaGjPGJyPgo8YnI+PGJyPjxpbWcgc3JjPSJodHRwOi8vaW1hZ2UucmFrdXRlbi5jby5qcC9paS1zYWt1cmEvY2FiaW5ldC9ub2JlLTgvaG9zaHUuanBnIj4=,pc6pYKXqpcQgyq/TzaTVpO29b5yrxvehvk9UUS00NzA0Rkahvyil3qXrpcGl6qXipbOl87i2KSC9b5yrK9e3pKSkwKStINaxiFLKvSCYy5zKpb+lpKXXIM7dxNq+3dbD0M6juqSipKSkoqSkpbel56XDpdektaSvpOk=,pc6pYKXqpcQgyq/TzaTVpO29b5yrxvehvk9UUS00NzA0Rkahvyil3qXrpcGl6qXipbOl87i2KSC9b5yrK9e3pKSkwKStINaxiFLKvSCYy5zKpb+lpKXXIM7dxNq+3dbD0M4=,yq/Tzb1vnKvG91xOT1JJVFpcmMucyqGjpc6pYKXqpcQgyq/TzaTVpO29b5yrxvehvk9UUS00NzA0Rkahvyil3qXrpcGl6qXipbOl87i2KSC9b5yrK9e3pKSkwKStINaxiFLKvSCYy5zKpb+lpKXXIM7dxNq+3dbD0M4=[rn]
11-15805,aHR0cDovL3RzaG9wLnIxMHMuanAvaWktc2FrdXJhL2NhYmluZXQvMDExMjc0NDkvb3R4LTMwNnl2LXIxLmpwZz9maXRpbj03MDA6NzAw,Njk5MTkuMjAwMA==,,vNLriiA+INeh1azUT4LkvNLriiA+IKS9pM7L+9eh1azUT4LkvNLrig==,pc6pYKXqpcQgob5PVFgtMzA2WVahvzM3LjZrdyAgpd6l66XBpeql4qWzpfO4tiDKr9PNpNWk7b1vnKuZQ87dzeK+3dbD0M4=,oaE=,PGJyPjxicj48aW1nIHNyYz0iaHR0cDovL2ltYWdlLnJha3V0ZW4uY28uanAvaWktc2FrdXJhL2NhYmluZXQvbm9iZS04L2hvc2h1LmpwZyAiPg==,pc6pYKXqpcQgob5PVFgtMzA2WVahvzM3LjZrdyAgpd6l66XBpeql4qWzpfO4tiDKr9PNpNWk7b1vnKuZQ87dzeK+3dbD0M6juqSipKSkoqSkpbel56XDpdektaSvpOk=,pc6pYKXqpcQgob5PVFgtMzA2WVahvzM3LjZrdyAgpd6l66XBpeql4qWzpfO4tiDKr9PNpNWk7b1vnKuZQ87dzeK+3dbD0M4=,oaGho6XOqWCl6qXEIKG+T1RYLTMwNllWob8zNy42a3cgIKXepeulwaXqpeKls6XzuLYgyq/TzaTVpO29b5yrmUPO3c3ivt3Ww9DO[rn]
11-15806,aHR0cDovL3RzaG9wLnIxMHMuanAvaWktc2FrdXJhL2NhYmluZXQva290b21pMS9vcWJjMzcwNGZyYy5qcGc/Zml0aW49NzAwOjcwMA==,OTY2MjcuMjAwMA==,,vNLriiA+INeh1azUT4LkvNLriiA+IKS9pM7L+9eh1azUT4LkvNLrig==,pc6pYKXqpcQgyq/Tzb1vnKvG96G+T1FCLUMzNzA0Ri1SQ6G/pails6XVpaOpYKXrINaxiFLKvSC9b5yrjJ/TwyDO3cTavt3Ww9DOIJjLnMogpaqpYKXIpbmlyKXDpdekyqS3pb+lpKXXIKOzzfKlraXt,yq/Tzb1vnKvG91xOT1JJVFpcvW+cq4yf08M=,PGJyPjxicj48Zm9udCBzaXplPSI0IiBjb2xvcj0iI0ZGMDAwMCI+PGI+T1FCLUOMn9PDpM7FxZrdzbKkx6TOyqm5pKSssdjSqqTHpLmhozwvYj48L2ZvbnQ+PGJyPsyoy/ml6qXipbOl86TPsb7M5dfFzdHKvTxicj6m1TEwMMXFmt2lyKXDpdekz8jruLakx6S5PGJyPqH517e806XqpeKls6XzKNShytKl6qXipbOl8ymkz4RlidOkx6S5oaM8YnI+CiiEZYnTxrcpP9ShytKl6qXipbOl8yBSQy1CMDA2Uzxicj4/pbWl1qXqpeKls6XzIFJDLTgwMDFBPGJyPj/UocrSpbWl1qXqpeKls6XzUkMtODAwMUI8YnI+PGJyPjxicj48aW1nIHNyYz0iaHR0cDovL2ltYWdlLnJha3V0ZW4uY28uanAvaWktc2FrdXJhL2NhYmluZXQvbm9iZS04L2hvc2h1LmpwZyI+PGJyPg==,pc6pYKXqpcQgyq/Tzb1vnKvG96G+T1FCLUMzNzA0Ri1SQ6G/pails6XVpaOpYKXrINaxiFLKvSC9b5yrjJ/TwyDO3cTavt3Ww9DOIJjLnMogpaqpYKXIpbmlyKXDpdekyqS3pb+lpKXXIKOzzfKlraXto7qkoqSkpKKkpKW3peelw6XXpLWkr6Tp,pc6pYKXqpcQgyq/Tzb1vnKvG96G+T1FCLUMzNzA0Ri1SQ6G/pails6XVpaOpYKXrINaxiFLKvSC9b5yrjJ/TwyDO3cTavt3Ww9DOIJjLnMogpaqpYKXIpbmlyKXDpdekyqS3pb+lpKXXIKOzzfKlraXt,yq/Tzb1vnKvG91xOT1JJVFpcvW+cq4yf08Oho6XOqWCl6qXEIMqv0829b5yrxvehvk9RQi1DMzcwNEYtUkOhv6WopbOl1aWjqWCl6yDWsYhSyr0gvW+cq4yf08Mgzt3E2r7d1sPQziCYy5zKIKWqqWClyKW5pcilw6XXpMqkt6W/paSl1yCjs83ypa2l7Q==[rn]
11-15807,aHR0cDovL3RzaG9wLnIxMHMuanAvaWktc2FrdXJhL2NhYmluZXQva290b21pMS9vdHhjaDQ1MDNzYXltdi5qcGc/Zml0aW49NzAwOjcwMA==,MTQyNDAwLjAwMDA=,,vNLriiA+INeh1azUT4LkvNLriiA+IKS9pM7L+9eh1azUT4LkvNLrig==,pc6pYKXqpcQgyq/Tzb1vnKvG96G+T1RYLUNINDUwM1NBWU1Wob+lqKWzpdWlo6lgpesguN+IUsGm0M0vpbul39lBnKvKvSC9b5yro6vXt6SkpMCkrSDO3c3ivt3Ww9DOIKWqqWClyKW/paSl1w==,yq/Tzb1vnKvG91xOT1JJVFpcvW+cq4yf08M=,PGJyPjxicj48Zm9udCBzaXplPSI0IiBjb2xvcj0iI0ZGMDAwMCI+PGI+ofml6qXipbOl84RlidOk6jwvYj48L2ZvbnQ+PGJyPqOohGWJ08a3o6m5ss2opeql4qWzpfMgUkMtMzMwMaXepeulwaW7pcOlyDxicj48YnI+PGltZyBzcmM9Imh0dHA6Ly9pbWFnZS5yYWt1dGVuLmNvLmpwL2lpLXNha3VyYS9jYWJpbmV0L25vYmUtOC9ob3NodS5qcGciPjxicj4=,pc6pYKXqpcQgyq/Tzb1vnKvG96G+T1RYLUNINDUwM1NBWU1Wob+lqKWzpdWlo6lgpesguN+IUsGm0M0vpbul39lBnKvKvSC9b5yro6vXt6SkpMCkrSDO3c3ivt3Ww9DOIKWqqWClyKW/paSl16O6pKKkpKSipKSlt6XnpcOl16S1pK+k6Q==,pc6pYKXqpcQgyq/Tzb1vnKvG96G+T1RYLUNINDUwM1NBWU1Wob+lqKWzpdWlo6lgpesguN+IUsGm0M0vpbul39lBnKvKvSC9b5yro6vXt6SkpMCkrSDO3c3ivt3Ww9DOIKWqqWClyKW/paSl1w==,yq/Tzb1vnKvG91xOT1JJVFpcvW+cq4yf08Oho6XOqWCl6qXEIMqv0829b5yrxvehvk9UWC1DSDQ1MDNTQVlNVqG/pails6XVpaOpYKXrILjfiFLBptDNL6W7pd/ZQZyryr0gvW+cq6Or17ekpKTApK0gzt3N4r7d1sPQziClqqlgpcilv6Wkpdc=[rn]
11-15808,aHR0cDovL3RzaG9wLnIxMHMuanAvaWktc2FrdXJhL2NhYmluZXQvMDExNDg4MDEvb3gtaDQwN3lzdi1yMS5qcGc/Zml0aW49NzAwOjcwMA==,Njc5MjAuMDAwMA==,,vNLriiA+INeh1azUT4LkvNLriiA+IKS9pM7L+9eh1azUT4LkvNLrig==,IyMjpc6pYKXqpcTKr9PNpNWk7b1vnKuZQ6G+T1gtSDQwN1lTVqG/vW+cq4yf08MgNM3ypa2l7aW/paSl15jLnMqlv6WkpdcguN+IUsGm0M0gpbul39lBnKvKvSAgytzXosn6rmI=,oaE=,PGJyPjxicj48aW1nIHNyYz0iaHR0cDovL2ltYWdlLnJha3V0ZW4uY28uanAvaWktc2FrdXJhL2NhYmluZXQvbm9iZS04L2hvc2h1LmpwZyAiPg==,IyMjpc6pYKXqpcTKr9PNpNWk7b1vnKuZQ6G+T1gtSDQwN1lTVqG/vW+cq4yf08MgNM3ypa2l7aW/paSl15jLnMqlv6WkpdcguN+IUsGm0M0gpbul39lBnKvKvSAgytzXosn6rmKjuqSipKSkoqSkpbel56XDpdektaSvpOk=,IyMjpc6pYKXqpcTKr9PNpNWk7b1vnKuZQ6G+T1gtSDQwN1lTVqG/vW+cq4yf08MgNM3ypa2l7aW/paSl15jLnMqlv6WkpdcguN+IUsGm0M0gpbul39lBnKvKvSAgytzXosn6rmI=,oaGhoyMjI6XOqWCl6qXEyq/TzaTVpO29b5yrmUOhvk9YLUg0MDdZU1ahv71vnKuMn9PDIDTN8qWtpe2lv6WkpdeYy5zKpb+lpKXXILjfiFLBptDNIKW7pd/ZQZyryr0gIMrc16LJ+q5i[rn]
11-15809,aHR0cDovL3RzaG9wLnIxMHMuanAvaWktc2FrdXJhL2NhYmluZXQvMDExNDg4MDEvb3FiLWc0NzAyd2FmZi1yMS5qcGc/Zml0aW49NzAwOjcwMA==,NzIxMTMuNjAwMA==,,vNLriiA+INeh1azUT4LkvNLriiA+IKS9pM7L+9eh1azUT4LkvNLrig==,IyMjpc6pYKXqpcTKr9PNpNWk7b1vnKuZQ6G+T1FCLUc0NzAyV0FGRqG/RkbKvSC9b5yrjJ/TwyA0zfKlraXtpb+lpKXXpaqpYKXIpbmlyKXDpdcg1rGIUsq9zt3E2rHakuzQzSDK3NeiyfquYg==,oaE=,PGJyPjxicj48aW1nIHNyYz0iaHR0cDovL2ltYWdlLnJha3V0ZW4uY28uanAvaWktc2FrdXJhL2NhYmluZXQvbm9iZS04L2hvc2h1LmpwZyAiPjxicj48Zm9udCBzaXplPSI0IiBjb2xvcj0iIj48Yj6h+aSzpMGk6aTOyczGt6TPpLTI673wtF/VSuHhpM6kqsrWxeSkx6S5oaO0+tL9pK2kx6TOpKrIoaTqklGkpKTPpMekraTepLuk86GjPC9iPjwvZm9udD48YnI+PGJyPg==,IyMjpc6pYKXqpcTKr9PNpNWk7b1vnKuZQ6G+T1FCLUc0NzAyV0FGRqG/RkbKvSC9b5yrjJ/TwyA0zfKlraXtpb+lpKXXpaqpYKXIpbmlyKXDpdcg1rGIUsq9zt3E2rHakuzQzSDK3NeiyfquYqO6pKKkpKSipKSlt6XnpcOl16S1pK+k6Q==,IyMjpc6pYKXqpcTKr9PNpNWk7b1vnKuZQ6G+T1FCLUc0NzAyV0FGRqG/RkbKvSC9b5yrjJ/TwyA0zfKlraXtpb+lpKXXpaqpYKXIpbmlyKXDpdcg1rGIUsq9zt3E2rHakuzQzSDK3NeiyfquYg==,oaGhoyMjI6XOqWCl6qXEyq/TzaTVpO29b5yrmUOhvk9RQi1HNDcwMldBRkahv0ZGyr0gvW+cq4yf08MgNM3ypa2l7aW/paSl16WqqWClyKW5pcilw6XXINaxiFLKvc7dxNqx2pLs0M0gytzXosn6rmI=[rn]
11-15810,aHR0cDovL3RzaG9wLnIxMHMuanAvaWktc2FrdXJhL2NhYmluZXQvbW9yaXNoaW1hMS9vcWIzNzA0eXMuanBnP2ZpdGluPTcwMDo3MDA=,NjcxMzIuODAwMA==,,vNLriiA+INeh1azUT4LkvNLriiA+IKS9pM7L+9eh1azUT4LkvNLrig==,IyMjpc6pYKXqpcQgyq/Tzb1vnKvG96G+T1FCLTM3MDRZU6G/1rGIUsq9vW+cq4yf08MgKKXqpeKls6XzP8vN08253M2sl3kp,yq/Tzb1vnKvG91xOT1JJVFpcvW+cq4yf08M=,PGZvbnQgc2l6ZT0iNCIgY29sb3I9IiI+PGI+ofmks6TBpOmkzsnMxrekz6S0yOu98LRf1Urh4aTOpKrK1sXkpMekuaGjpeGpYKWrqWDWscvNxrekyKTKpOqk3qS5oaM8L2I+PC9mb250Pjxicj6h+dShytKl6qXipbOl86TPhGWJ06TqpMekuaGjPGJyPgqEZYnTpOrUocrSpeql4qWzpfMgUkMtNzYwNlM8YnI+Cgo8YnI+PGJyPjxpbWcgc3JjPSJodHRwOi8vaW1hZ2UucmFrdXRlbi5jby5qcC9paS1zYWt1cmEvY2FiaW5ldC9ub2JlLTgvaG9zaHUuanBnIj48YnI+,IyMjpc6pYKXqpcQgyq/Tzb1vnKvG96G+T1FCLTM3MDRZU6G/1rGIUsq9vW+cq4yf08MgKKXqpeKls6XzP8vN08253M2sl3kpo7qkoqSkpKKkpKW3peelw6XXpLWkr6Tp,IyMjpc6pYKXqpcQgyq/Tzb1vnKvG96G+T1FCLTM3MDRZU6G/1rGIUsq9vW+cq4yf08MgKKXqpeKls6XzP8vN08253M2sl3kp,yq/Tzb1vnKvG91xOT1JJVFpcvW+cq4yf08OhoyMjI6XOqWCl6qXEIMqv0829b5yrxvehvk9RQi0zNzA0WVOhv9axiFLKvb1vnKuMn9PDICil6qXipbOl8z/LzdPNudzNrJd5KQ==[rn]
11-15811,aHR0cDovL3RzaG9wLnIxMHMuanAvaWktc2FrdXJhL2NhYmluZXQvMDExMDA4MTIvb3gzMDd5c3YtcjEuanBnP2ZpdGluPTcwMDo3MDA=,NTc2NjIuNDAwMA==,,vNLriiA+INeh1azUT4LkvNLriiA+IKS9pM7L+9eh1azUT4LkvNLrig==,IyMjpc6pYKXqpcShocqv0829b5yrxvehvk9YLTMwN1lTVqG/zKjL+aXqpeKls6XzuLa9b5yrjJ/Tw6W7pd/ZQZyryr0=,,PGJyPjxmb250IHNpemU9IjQiIGNvbG9yPSIiPjxiPqH5pLOkwaTppM7JzMa3pM+ktMjrvfC0X9VK4eGkzqSqytbF5KTHpLmho7T60v2kraTHpM6kqsihpOqSUaSkpM+kx6StpN6ku6TzoaM8L2I+PC9mb250Pjxicj48YnI+Cjxicj48YnI+PGltZyBzcmM9Imh0dHA6Ly9pbWFnZS5yYWt1dGVuLmNvLmpwL2lpLXNha3VyYS9jYWJpbmV0L25vYmUtOC9ob3NodS5qcGcgIj4=,IyMjpc6pYKXqpcShocqv0829b5yrxvehvk9YLTMwN1lTVqG/zKjL+aXqpeKls6XzuLa9b5yrjJ/Tw6W7pd/ZQZyryr2juqSipKSkoqSkpbel56XDpdektaSvpOk=,IyMjpc6pYKXqpcShocqv0829b5yrxvehvk9YLTMwN1lTVqG/zKjL+aXqpeKls6XzuLa9b5yrjJ/Tw6W7pd/ZQZyryr0=,IyMjpc6pYKXqpcShocqv0829b5yrxvehvk9YLTMwN1lTVqG/zKjL+aXqpeKls6XzuLa9b5yrjJ/Tw6W7pd/ZQZyryr0=[rn]
11-15812,aHR0cDovL3RzaG9wLnIxMHMuanAvaWktc2FrdXJhL2NhYmluZXQva290b21pMS9vcWJjMzcwNGZmcmMuanBnP2ZpdGluPTcwMDo3MDA=,MTAwNzc0LjQwMDA=,,vNLriiA+INeh1azUT4LkvNLriiA+IKS9pM7L+9eh1azUT4LkvNLrig==,pc6pYKXqpcQgyq/Tzb1vnKvG96G+T1FCLUMzNzA0RkYtUkOhv6WopbOl1aWjqWCl6yDWsYhSyr0gvW+cq4yf08Mgzt3E2r7d1sPQziCYy5zKIKWqqWClyKW5pcilw6XXpMqkt6W/paSl1yCjs83ypa2l7Q==,yq/Tzb1vnKvG91xOT1JJVFpcvW+cq4yf08M=,PGJyPjxicj7MqMv5peql4qWzpfOkz7G+zOXXxc3Ryr08YnI+ptUxMDDFxZrdpcilw6XXpM/I67i2pMekuTxicj6h+de3vNOl6qXipbOl8yjUocrSpeql4qWzpfMppM+EZYnTpMekuaGjPGJyPgoohGWJ08a3KT/UocrSpeql4qWzpfMgUkMtQjAwNlM8YnI+P6W1pdal6qXipbOl8yBSQy04MDAxQTxicj4/1KHK0qW1pdal6qXipbOl81JDLTgwMDFCPGJyPjxicj48YnI+PGltZyBzcmM9Imh0dHA6Ly9pbWFnZS5yYWt1dGVuLmNvLmpwL2lpLXNha3VyYS9jYWJpbmV0L25vYmUtOC9ob3NodS5qcGciPjxicj4=,pc6pYKXqpcQgyq/Tzb1vnKvG96G+T1FCLUMzNzA0RkYtUkOhv6WopbOl1aWjqWCl6yDWsYhSyr0gvW+cq4yf08Mgzt3E2r7d1sPQziCYy5zKIKWqqWClyKW5pcilw6XXpMqkt6W/paSl1yCjs83ypa2l7aO6pKKkpKSipKSlt6XnpcOl16S1pK+k6Q==,pc6pYKXqpcQgyq/Tzb1vnKvG96G+T1FCLUMzNzA0RkYtUkOhv6WopbOl1aWjqWCl6yDWsYhSyr0gvW+cq4yf08Mgzt3E2r7d1sPQziCYy5zKIKWqqWClyKW5pcilw6XXpMqkt6W/paSl1yCjs83ypa2l7Q==,yq/Tzb1vnKvG91xOT1JJVFpcvW+cq4yf08Oho6XOqWCl6qXEIMqv0829b5yrxvehvk9RQi1DMzcwNEZGLVJDob+lqKWzpdWlo6lgpesg1rGIUsq9IL1vnKuMn9PDIM7dxNq+3dbD0M4gmMucyiClqqlgpciluaXIpcOl16TKpLelv6Wkpdcgo7PN8qWtpe0=[rn]
11-15813,aHR0cDovL3RzaG9wLnIxMHMuanAvaWktc2FrdXJhL2NhYmluZXQvMDExNDg4MDEvb3g0MDhmLXIxLmpwZz9maXRpbj03MDA6NzAw,NDc4NDAuMDAwMA==,,vNLriiA+INeh1azUT4LkvNLriiA+IKS9pM7L+9eh1azUT4LkvNLrig==,IyMjpc6pYKXqpcQgyq/Tzb1vnKvG9yChvk9YLTQwOEahv8yoy/ml6qXipbOl87i2vW+cq4yf08Olu6Xf2UGcq8q9,oaE=,PGJyPjxicj48aW1nIHNyYz0iaHR0cDovL2ltYWdlLnJha3V0ZW4uY28uanAvaWktc2FrdXJhL2NhYmluZXQvbm9iZS04L2hvc2h1LmpwZyAiPg==,IyMjpc6pYKXqpcQgyq/Tzb1vnKvG9yChvk9YLTQwOEahv8yoy/ml6qXipbOl87i2vW+cq4yf08Olu6Xf2UGcq8q9o7qkoqSkpKKkpKW3peelw6XXpLWkr6Tp,IyMjpc6pYKXqpcQgyq/Tzb1vnKvG9yChvk9YLTQwOEahv8yoy/ml6qXipbOl87i2vW+cq4yf08Olu6Xf2UGcq8q9,oaGhoyMjI6XOqWCl6qXEIMqv0829b5yrxvcgob5PWC00MDhGob/MqMv5peql4qWzpfO4tr1vnKuMn9PDpbul39lBnKvKvQ==[rn]
11-15814,aHR0cDovL3RzaG9wLnIxMHMuanAvaWktc2FrdXJhL2NhYmluZXQvMDExNDg4MDEvb3FiLWczNzAyd2ZmLXIxLmpwZz9maXRpbj03MDA6NzAw,NTk3MTIuMDAwMA==,,vNLriiA+INeh1azUT4LkvNLriiA+IKS9pM7L+9eh1azUT4LkvNLrig==,IyMjpc6pYKXqpcTKr9PNpNWk7b1vnKuZQ6G+T1FCLUczNzAyV0ZGob9GRsq9IL1vnKuMn9PDIDPN8qWtpe2lv6WkpdeYy5zKpb+lpKXXKKWqqWClyKW5pcilw6XXpMqktykg1rGIUsq9zt3E2rHakuzQzaG+c210Yi1mob8=,oaE=,PGJyPjxicj48aW1nIHNyYz0iaHR0cDovL2ltYWdlLnJha3V0ZW4uY28uanAvaWktc2FrdXJhL2NhYmluZXQvbm9iZS04L2hvc2h1LmpwZyAiPjxicj48Zm9udCBzaXplPSI0IiBjb2xvcj0iIj48Yj6h+aSzpMGk6aTOyczGt6TPpLTI673wtF/VSuHhpM6kqsrWxeSkx6S5oaO0+tL9pK2kx6TOpKrIoaTqklGkpKTPpMekraTepLuk86GjPC9iPjwvZm9udD48YnI+PGJyPg==,IyMjpc6pYKXqpcTKr9PNpNWk7b1vnKuZQ6G+T1FCLUczNzAyV0ZGob9GRsq9IL1vnKuMn9PDIDPN8qWtpe2lv6WkpdeYy5zKpb+lpKXXKKWqqWClyKW5pcilw6XXpMqktykg1rGIUsq9zt3E2rHakuzQzaG+c210Yi1mob+juqSipKSkoqSkpbel56XDpdektaSvpOk=,IyMjpc6pYKXqpcTKr9PNpNWk7b1vnKuZQ6G+T1FCLUczNzAyV0ZGob9GRsq9IL1vnKuMn9PDIDPN8qWtpe2lv6WkpdeYy5zKpb+lpKXXKKWqqWClyKW5pcilw6XXpMqktykg1rGIUsq9zt3E2rHakuzQzaG+c210Yi1mob8=,oaGhoyMjI6XOqWCl6qXEyq/TzaTVpO29b5yrmUOhvk9RQi1HMzcwMldGRqG/RkbKvSC9b5yrjJ/TwyAzzfKlraXtpb+lpKXXmMucyqW/paSl1yilqqlgpciluaXIpcOl16TKpLcpINaxiFLKvc7dxNqx2pLs0M2hvnNtdGItZqG/[rn]
11-15815,aHR0cDovL3RzaG9wLnIxMHMuanAvaWktc2FrdXJhL2NhYmluZXQvMDExNDg4MDEvb3g0MDdmdi1yMS5qcGc/Zml0aW49NzAwOjcwMA==,NTY4MDAuMDAwMA==,,vNLriiA+INeh1azUT4LkvNLriiA+IKS9pM7L+9eh1azUT4LkvNLrig==,IyMjpc6pYKXqpcShocqv0829b5yrxvehvk9YLTQwN0ZWob/MqMv5peql4qWzpfO4tr1vnKuMn9PDpbul39lBnKvKvaG+c210Yi1mob8=,oaE=,PGJyPjxwPjxmb250IHNpemU9IjQiIGNvbG9yPSIiPjxiPqH5pLOkwaTppM7JzMa3pM+ktMjrvfC0X9VK4eGkzqSqytbF5KTHpLmho7T60v2kraTHpM6kqsihpOqSUaSkpM+kx6StpN6ku6TzoaM8L2I+PC9mb250PjwvcD48YnI+PGJyPgogCgo8YnI+PGJyPjxpbWcgc3JjPSJodHRwOi8vaW1hZ2UucmFrdXRlbi5jby5qcC9paS1zYWt1cmEvY2FiaW5ldC9ub2JlLTgvaG9zaHUuanBnICI+,IyMjpc6pYKXqpcShocqv0829b5yrxvehvk9YLTQwN0ZWob/MqMv5peql4qWzpfO4tr1vnKuMn9PDpbul39lBnKvKvaG+c210Yi1mob+juqSipKSkoqSkpbel56XDpdektaSvpOk=,IyMjpc6pYKXqpcShocqv0829b5yrxvehvk9YLTQwN0ZWob/MqMv5peql4qWzpfO4tr1vnKuMn9PDpbul39lBnKvKvaG+c210Yi1mob8=,oaGhoyMjI6XOqWCl6qXEoaHKr9PNvW+cq8b3ob5PWC00MDdGVqG/zKjL+aXqpeKls6XzuLa9b5yrjJ/Tw6W7pd/ZQZyryr2hvnNtdGItZqG/[rn]
11-15816,aHR0cDovL3RzaG9wLnIxMHMuanAvaWktc2FrdXJhL2NhYmluZXQva290b21pMS9tYngzMTEwd2ZmLmpwZz9maXRpbj03MDA6NzAw,MTQ0NjMyLjgwMDA=,,vNLriiA+INeh1azUT4LkvNLriiA+IKS9pM7L+9eh1azUT4LkvNLrig==,IyMjpc6pYKXqpcQgyq/Tzb1vnKvG96G+TUJYLTMxMTBXRkahv5hJhNXTw71vnKvG9yC9b5yrP8Wvt7+85tPDIM7dxNrTw7Drw9zpXcq9j4rWxsXFmt3QziClu6Xf2UGcq8q9IDM2LjBrV6W/paSl1yDK3NeiyfquYg==,yq/Tzb1vnKvG91xOT1JJVFpcvW+cq4yf08M=,PGZvbnQgc2l6ZT0iNCIgY29sb3I9IiNmZjAwZmYiPjxiPsrc16LJ+q5ixrc8L2I+KNSUpLekr6TPpKqGlqSkus+k76S7pK+kwKS1pKQpPC9mb250Pjxicj48YnI+PGZvbnQgc2l6ZT0iNCIgY29sb3I9IiI+PGI+ofmks6TBpOmkzsnMxrekz6S0yOu98LRf1Urh4aTOpKrK1sXkpMekuaGjtPrS/aStpMekzqSqyKGk6pJRpKSkz6THpK2k3qS7pPOhozwvYj48L2ZvbnQ+PGJyPjxicj48YnI+PGZvbnQgc2l6ZT0iNCI+PGI+ofG7rc/xpM+0+rHt0M23rKTOpaSl4algpbiky6TKpOqk3qS5oaM8YnI+0M23rM2opOqkzsrWxeSky6TKpOqk3qS5pM6kx6Ooyas/0M61yKOptF/VSqTOyc+ktNeizsTPwqS1pKShozwvYj48L2ZvbnQ+PGJyPjxicj48Zm9udCBzaXplPSI0Ij48YnI+peql4qWzpfOkz7G+zOXXxc3Ryr08YnI+PC9mb250Pjxicj48YnI+PGJyPjxicj48aW1nIHNyYz0iaHR0cDovL2ltYWdlLnJha3V0ZW4uY28uanAvY2xvdmVyODg4OC9jYWJpbmV0L25vYmUtOC9ob3NodS5qcGciPg==,IyMjpc6pYKXqpcQgyq/Tzb1vnKvG96G+TUJYLTMxMTBXRkahv5hJhNXTw71vnKvG9yC9b5yrP8Wvt7+85tPDIM7dxNrTw7Drw9zpXcq9j4rWxsXFmt3QziClu6Xf2UGcq8q9IDM2LjBrV6W/paSl1yDK3NeiyfquYqO6pKKkpKSipKSlt6XnpcOl16S1pK+k6Q==,IyMjpc6pYKXqpcQgyq/Tzb1vnKvG96G+TUJYLTMxMTBXRkahv5hJhNXTw71vnKvG9yC9b5yrP8Wvt7+85tPDIM7dxNrTw7Drw9zpXcq9j4rWxsXFmt3QziClu6Xf2UGcq8q9IDM2LjBrV6W/paSl1yDK3NeiyfquYg==,yq/Tzb1vnKvG91xOT1JJVFpcvW+cq4yf08OhoyMjI6XOqWCl6qXEIMqv0829b5yrxvehvk1CWC0zMTEwV0ZGob+YSYTV08O9b5yrxvcgvW+cqz/Fr7e/vObTwyDO3cTa08Ow68Pc6V3KvY+K1sbFxZrd0M4gpbul39lBnKvKvSAzNi4wa1elv6WkpdcgytzXosn6rmI=[rn]
11-15817,aHR0cDovL3RzaG9wLnIxMHMuanAvaWktc2FrdXJhL2NhYmluZXQvMDExMjc0NDkvb3gzMDh5c3YtcjEuanBnP2ZpdGluPTcwMDo3MDA=,NTYxMzMuNjAwMA==,,vNLriiA+INeh1azUT4LkvNLriiA+IKS9pM7L+9eh1azUT4LkvNLrig==,IyMjpc6pYKXqpcShocqv0829b5yrxvehvk9YLTMwOFlTVqG/ob5PWDMwOFlTVqG/vW+cq4yf08Mgpbul39lBnKvKvSCYy5zKpb+lpKXXzKjL+aXqpeKls6XzuLahvnNtdGItZqG/,oaE=,PGJyPjxicj48aW1nIHNyYz0iaHR0cDovL2ltYWdlLnJha3V0ZW4uY28uanAvaWktc2FrdXJhL2NhYmluZXQvbm9iZS04L2hvc2h1LmpwZyAiPjxicj48Zm9udCBzaXplPSI0IiBjb2xvcj0iIj48Yj6h+aSzpMGk6aTOyczGt6TPpLTI673wtF/VSuHhpM6kqsrWxeSkx6S5oaO0+tL9pK2kx6TOpKrIoaTqklGkpKTPpMekraTepLuk86GjPC9iPjwvZm9udD48YnI+PGJyPg==,IyMjpc6pYKXqpcShocqv0829b5yrxvehvk9YLTMwOFlTVqG/ob5PWDMwOFlTVqG/vW+cq4yf08Mgpbul39lBnKvKvSCYy5zKpb+lpKXXzKjL+aXqpeKls6XzuLahvnNtdGItZqG/o7qkoqSkpKKkpKW3peelw6XXpLWkr6Tp,IyMjpc6pYKXqpcShocqv0829b5yrxvehvk9YLTMwOFlTVqG/ob5PWDMwOFlTVqG/vW+cq4yf08Mgpbul39lBnKvKvSCYy5zKpb+lpKXXzKjL+aXqpeKls6XzuLahvnNtdGItZqG/,oaGhoyMjI6XOqWCl6qXEoaHKr9PNvW+cq8b3ob5PWC0zMDhZU1ahv6G+T1gzMDhZU1ahv71vnKuMn9PDIKW7pd/ZQZyryr0gmMucyqW/paSl18yoy/ml6qXipbOl87i2ob5zbXRiLWahvw==[rn]
11-15818,aHR0cDovL3RzaG9wLnIxMHMuanAvaWktc2FrdXJhL2NhYmluZXQva290b21pMS9veGM0NTAzeXYuanBnP2ZpdGluPTcwMDo3MDA=,OTEyMDAuMDAwMA==,,vNLriiA+INeh1azUT4LkvNLriiA+IKS9pM7L+9eh1azUT4LkvNLrig==,pc6pYKXqpcQgyq/Tzb1vnKvG96G+T1gtQzQ1MDNZVqG/pails6XVpaOpYKXrIKW7pd/ZQZyryr0gvW+cq4yf08Mgzt3N4r7d1sPQziCYy5zKIKWqqWClyKW5pcilw6XXpMqkt6W/paSl1yCjs83ypa2l7Q==,yq/Tzb1vnKvG91xOT1JJVFpcvW+cq4yf08M=,PGJyPjxicj48Zm9udCBzaXplPSI0IiBjb2xvcj0iI0ZGMDAwMCI+PGI+ofml6qXipbOl84RlidOk6jwvYj48L2ZvbnQ+PGJyPqOohGWJ08a3o6m5ss2opeql4qWzpfMgUkMtMzMwMk0oVCk8YnI+PGJyPjxpbWcgc3JjPSJodHRwOi8vaW1hZ2UucmFrdXRlbi5jby5qcC9paS1zYWt1cmEvY2FiaW5ldC9ub2JlLTgvaG9zaHUuanBnIj48YnI+,pc6pYKXqpcQgyq/Tzb1vnKvG96G+T1gtQzQ1MDNZVqG/pails6XVpaOpYKXrIKW7pd/ZQZyryr0gvW+cq4yf08Mgzt3N4r7d1sPQziCYy5zKIKWqqWClyKW5pcilw6XXpMqkt6W/paSl1yCjs83ypa2l7aO6pKKkpKSipKSlt6XnpcOl16S1pK+k6Q==,pc6pYKXqpcQgyq/Tzb1vnKvG96G+T1gtQzQ1MDNZVqG/pails6XVpaOpYKXrIKW7pd/ZQZyryr0gvW+cq4yf08Mgzt3N4r7d1sPQziCYy5zKIKWqqWClyKW5pcilw6XXpMqkt6W/paSl1yCjs83ypa2l7Q==,yq/Tzb1vnKvG91xOT1JJVFpcvW+cq4yf08Oho6XOqWCl6qXEIMqv0829b5yrxvehvk9YLUM0NTAzWVahv6WopbOl1aWjqWCl6yClu6Xf2UGcq8q9IL1vnKuMn9PDIM7dzeK+3dbD0M4gmMucyiClqqlgpciluaXIpcOl16TKpLelv6Wkpdcgo7PN8qWtpe0=[rn]
11-15819,aHR0cDovL3RzaG9wLnIxMHMuanAvaWktc2FrdXJhL2NhYmluZXQvMDExNDg4MDEvb3g0MDd5c3YtcjEuanBnP2ZpdGluPTcwMDo3MDA=,NjIzNTIuODAwMA==,,vNLriiA+INeh1azUT4LkvNLriiA+IKS9pM7L+9eh1azUT4LkvNLrig==,IyMjpc6pYKXqpcShocqv0829b5yrxvehvk9YLTQwN1lTVqG/zKjL+aXqpeKls6XzuLa9b5yrjJ/Tw6W7pd/ZQZyryr2hvnNtdGItZqG/,oaE=,PGJyPjxwPjxmb250IHNpemU9IjQiIGNvbG9yPSIiPjxiPqH5pLOkwaTppM7JzMa3pM+ktMjrvfC0X9VK4eGkzqSqytbF5KTHpLmho7T60v2kraTHpM6kqsihpOqSUaSkpM+kx6StpN6ku6TzoaM8L2I+PC9mb250PjwvcD48YnI+PGJyPgogCgo8YnI+PGJyPjxpbWcgc3JjPSJodHRwOi8vaW1hZ2UucmFrdXRlbi5jby5qcC9paS1zYWt1cmEvY2FiaW5ldC9ub2JlLTgvaG9zaHUuanBnICI+,IyMjpc6pYKXqpcShocqv0829b5yrxvehvk9YLTQwN1lTVqG/zKjL+aXqpeKls6XzuLa9b5yrjJ/Tw6W7pd/ZQZyryr2hvnNtdGItZqG/o7qkoqSkpKKkpKW3peelw6XXpLWkr6Tp,IyMjpc6pYKXqpcShocqv0829b5yrxvehvk9YLTQwN1lTVqG/zKjL+aXqpeKls6XzuLa9b5yrjJ/Tw6W7pd/ZQZyryr2hvnNtdGItZqG/,oaGhoyMjI6XOqWCl6qXEoaHKr9PNvW+cq8b3ob5PWC00MDdZU1ahv8yoy/ml6qXipbOl87i2vW+cq4yf08Olu6Xf2UGcq8q9ob5zbXRiLWahvw==[rn]
11-15820,aHR0cDovL3RzaG9wLnIxMHMuanAvaWktc2FrdXJhL2NhYmluZXQvMDExMjc0NDkvaW1nNTY1NDQ0MzAuanBnP2ZpdGluPTcwMDo3MDA=,OTk4NDAuMDAwMA==,,vNLriiA+INeh1azUT4LkvNLriiA+IKS9pM7L+9eh1azUT4LkvNLrig==,pc6pYKXqpcShocqv0829b5yrxvehvk9RQi1DNDcwMVdTob+9b5yrjJ/Tw9axiFLKvaGhpeql4qWzpfOEZYnTob5zbXRiLWahvw==,,PGJyPjxicj48aW1nIHNyYz0iaHR0cDovL2ltYWdlLnJha3V0ZW4uY28uanAvaWktc2FrdXJhL2NhYmluZXQvbm9iZS04L2hvc2h1LmpwZyAiPg==,pc6pYKXqpcShocqv0829b5yrxvehvk9RQi1DNDcwMVdTob+9b5yrjJ/Tw9axiFLKvaGhpeql4qWzpfOEZYnTob5zbXRiLWahv6O6pKKkpKSipKSlt6XnpcOl16S1pK+k6Q==,pc6pYKXqpcShocqv0829b5yrxvehvk9RQi1DNDcwMVdTob+9b5yrjJ/Tw9axiFLKvaGhpeql4qWzpfOEZYnTob5zbXRiLWahvw==,pc6pYKXqpcShocqv0829b5yrxvehvk9RQi1DNDcwMVdTob+9b5yrjJ/Tw9axiFLKvaGhpeql4qWzpfOEZYnTob5zbXRiLWahvw==[rn]
11-15821,aHR0cDovL3RzaG9wLnIxMHMuanAvaWktc2FrdXJhL2NhYmluZXQva290b21pMS9tYng0NTAwd2ZmLmpwZz9maXRpbj03MDA6NzAw,MTY2MDYwLjAwMDA=,,vNLriiA+INeh1azUT4LkvNLriiA+IKS9pM7L+9eh1azUT4LkvNLrig==,IyMjpc6pYKXqpcQgyq/Tzb1vnKvG96G+TUJYLTQ1MDBXRkahv5hJhNXTw71vnKvG9yC9b5yrP8Wvt7+85tPDIM7dxNrTw7Drw9zpXcq9j4rWxsXFmt3QziClu6Xf2UGcq8q9IDUyLjNrV6W/paSl1yDK3NeiyfquYg==,yq/Tzb1vnKvG91xOT1JJVFpcvW+cq4yf08M=,PGZvbnQgc2l6ZT0iNCIgY29sb3I9IiNmZjAwZmYiPjxiPsrc16LJ+q5ixrc8L2I+KNSUpLekr6TPpKqGlqSkus+k76S7pK+kwKS1pKQpPC9mb250Pjxicj48YnI+PGZvbnQgc2l6ZT0iNCIgY29sb3I9IiI+PGI+ofmks6TBpOmkzsnMxrekz6S0yOu98LRf1Urh4aTOpKrK1sXkpMekuaGjtPrS/aStpMekzqSqyKGk6pJRpKSkz6THpK2k3qS7pPOhozwvYj48L2ZvbnQ+PGJyPjxicj48YnI+PGZvbnQgc2l6ZT0iNCI+PGI+ofG7rc/xpM+0+rHt0M23rKTOpaSl4algpbiky6TKpOqk3qS5oaM8YnI+0M23rM2opOqkzsrWxeSky6TKpOqk3qS5pM6kx6Ooyas/0M61yKOptF/VSqTOyc+ktNeizsTPwqS1pKShozwvYj48L2ZvbnQ+PGJyPjxicj48Zm9udCBzaXplPSI0Ij48YnI+peql4qWzpfOkz7G+zOXXxc3Ryr08YnI+PC9mb250Pjxicj48YnI+,IyMjpc6pYKXqpcQgyq/Tzb1vnKvG96G+TUJYLTQ1MDBXRkahv5hJhNXTw71vnKvG9yC9b5yrP8Wvt7+85tPDIM7dxNrTw7Drw9zpXcq9j4rWxsXFmt3QziClu6Xf2UGcq8q9IDUyLjNrV6W/paSl1yDK3NeiyfquYqO6pKKkpKSipKSlt6XnpcOl16S1pK+k6Q==,IyMjpc6pYKXqpcQgyq/Tzb1vnKvG96G+TUJYLTQ1MDBXRkahv5hJhNXTw71vnKvG9yC9b5yrP8Wvt7+85tPDIM7dxNrTw7Drw9zpXcq9j4rWxsXFmt3QziClu6Xf2UGcq8q9IDUyLjNrV6W/paSl1yDK3NeiyfquYg==,yq/Tzb1vnKvG91xOT1JJVFpcvW+cq4yf08OhoyMjI6XOqWCl6qXEIMqv0829b5yrxvehvk1CWC00NTAwV0ZGob+YSYTV08O9b5yrxvcgvW+cqz/Fr7e/vObTwyDO3cTa08Ow68Pc6V3KvY+K1sbFxZrd0M4gpbul39lBnKvKvSA1Mi4za1elv6WkpdcgytzXosn6rmI=[rn]
11-15822,aHR0cDovL3RzaG9wLnIxMHMuanAvaWktc2FrdXJhL2NhYmluZXQvMDExNDg4MDEvb3gzMDd5cy1yMS5qcGc/Zml0aW49NzAwOjcwMA==,NTIwMDAuMDAwMA==,,vNLriiA+INeh1azUT4LkvNLriiA+IKS9pM7L+9eh1azUT4LkvNLrig==,pc6pYKXqpcShocqv0829b5yrxvehvk9YLTMwN1lTob/MqMv5peql4qWzpfO4tr1vnKuMn9PDpbul39lBnKvKvaG+c210Yi1mob8=,oaE=,PGJyPjxicj48aW1nIHNyYz0iaHR0cDovL2ltYWdlLnJha3V0ZW4uY28uanAvaWktc2FrdXJhL2NhYmluZXQvbm9iZS04L2hvc2h1LmpwZyAiPg==,pc6pYKXqpcShocqv0829b5yrxvehvk9YLTMwN1lTob/MqMv5peql4qWzpfO4tr1vnKuMn9PDpbul39lBnKvKvaG+c210Yi1mob+juqSipKSkoqSkpbel56XDpdektaSvpOk=,pc6pYKXqpcShocqv0829b5yrxvehvk9YLTMwN1lTob/MqMv5peql4qWzpfO4tr1vnKuMn9PDpbul39lBnKvKvaG+c210Yi1mob8=,oaGho6XOqWCl6qXEoaHKr9PNvW+cq8b3ob5PWC0zMDdZU6G/zKjL+aXqpeKls6XzuLa9b5yrjJ/Tw6W7pd/ZQZyryr2hvnNtdGItZqG/[rn]
11-15823,aHR0cDovL3RzaG9wLnIxMHMuanAvaWktc2FrdXJhL2NhYmluZXQva290b21pMS9tYng5MDAwNDBhLmpwZz9maXRpbj03MDA6NzAw,MzUwODY5LjYwMDA=,,vNLriiA+INeh1azUT4LkvNLriiA+IKS9pM7L+9eh1azUT4LkvNLrig==,IyMjpc6pYKXqpcQgyq/Tzb1vnKvG96G+TUJYLTkwMDA0MEGhv5hJhNXTw71vnKvG9yDFr7e/jJ/TwyDO3cTa08Ow68Pc6V3KvY+K1sbFxZrd0M4g2UGcq8q9IDEwNS4wa1elv6WkpdcgytzXosn6rmI=,yq/Tzb1vnKvG91xOT1JJVFpcvW+cq4yf08M=,PGZvbnQgc2l6ZT0iNCIgY29sb3I9IiNmZjAwZmYiPjxiPsrc16LJ+q5ixrc8L2I+KNSUpLekr6TPpKqGlqSkus+k76S7pK+kwKS1pKQpPC9mb250Pjxicj48YnI+PGZvbnQgc2l6ZT0iNCIgY29sb3I9IiI+PGI+ofmks6TBpOmkzsnMxrekz6S0yOu98LRf1Urh4aTOpKrK1sXkpMekuaGjtPrS/aStpMekzqSqyKGk6pJRpKSkz6THpK2k3qS7pPOhozwvYj48L2ZvbnQ+PGJyPjxicj48YnI+PGZvbnQgc2l6ZT0iNCI+PGI+ofG7rc/xpM+0+rHt0M23rKTOpaSl4algpbiky6TKpOqk3qS5oaM8YnI+0M23rM2opOqkzsrWxeSky6TKpOqk3qS5pM6kx6Ooyas/0M61yKOptF/VSqTOyc+ktNeizsTPwqS1pKShozwvYj48L2ZvbnQ+PGJyPjxicj48Zm9udCBzaXplPSI0Ij48YnI+peql4qWzpfOkz7G+zOXXxc3Ryr08YnI+PC9mb250Pjxicj48YnI+,IyMjpc6pYKXqpcQgyq/Tzb1vnKvG96G+TUJYLTkwMDA0MEGhv5hJhNXTw71vnKvG9yDFr7e/jJ/TwyDO3cTa08Ow68Pc6V3KvY+K1sbFxZrd0M4g2UGcq8q9IDEwNS4wa1elv6WkpdcgytzXosn6rmKjuqSipKSkoqSkpbel56XDpdektaSvpOk=,IyMjpc6pYKXqpcQgyq/Tzb1vnKvG96G+TUJYLTkwMDA0MEGhv5hJhNXTw71vnKvG9yDFr7e/jJ/TwyDO3cTa08Ow68Pc6V3KvY+K1sbFxZrd0M4g2UGcq8q9IDEwNS4wa1elv6WkpdcgytzXosn6rmI=,yq/Tzb1vnKvG91xOT1JJVFpcvW+cq4yf08OhoyMjI6XOqWCl6qXEIMqv0829b5yrxvehvk1CWC05MDAwNDBBob+YSYTV08O9b5yrxvcgxa+3v4yf08Mgzt3E2tPDsOvD3Oldyr2PitbGxcWa3dDOINlBnKvKvSAxMDUuMGtXpb+lpKXXIMrc16LJ+q5i[rn]
11-15824,aHR0cDovL3RzaG9wLnIxMHMuanAvaWktc2FrdXJhL2NhYmluZXQvbW9yaXNoaW1hMS9vcWI0NzA0eS5qcGc/Zml0aW49NzAwOjcwMA==,NzEyMDAuMDAwMA==,,vNLriiA+INeh1azUT4LkvNLriiA+IKS9pM7L+9eh1azUT4LkvNLrig==,pc6pYKXqpcQgyq/Tzb1vnKvG96G+T1FCLTQ3MDRZob/WsYhSyr29b5yrjJ/TwyAopeql4qWzpfM/y83TzbnczayXeSk=,yq/Tzb1vnKvG91xOT1JJVFpcvW+cq4yf08M=,ofnUocrSpeql4qWzpfOkz4RlidOk6qTHpLmhozxicj4KhGWJ06Tq1KHK0qXqpeKls6XzIFJDLTc2MjZNPGJyPgoKPGJyPjxicj48aW1nIHNyYz0iaHR0cDovL2ltYWdlLnJha3V0ZW4uY28uanAvaWktc2FrdXJhL2NhYmluZXQvbm9iZS04L2hvc2h1LmpwZyI+PGJyPg==,pc6pYKXqpcQgyq/Tzb1vnKvG96G+T1FCLTQ3MDRZob/WsYhSyr29b5yrjJ/TwyAopeql4qWzpfM/y83TzbnczayXeSmjuqSipKSkoqSkpbel56XDpdektaSvpOk=,pc6pYKXqpcQgyq/Tzb1vnKvG96G+T1FCLTQ3MDRZob/WsYhSyr29b5yrjJ/TwyAopeql4qWzpfM/y83TzbnczayXeSk=,yq/Tzb1vnKvG91xOT1JJVFpcvW+cq4yf08Oho6XOqWCl6qXEIMqv0829b5yrxvehvk9RQi00NzA0WaG/1rGIUsq9vW+cq4yf08MgKKXqpeKls6XzP8vN08253M2sl3kp[rn]
11-15825,aHR0cDovL3RzaG9wLnIxMHMuanAvaWktc2FrdXJhL2NhYmluZXQva290b21pMS9vdHhjaDQ1MDNzYWZtdi5qcGc/Zml0aW49NzAwOjcwMA==,MTQyNDAwLjAwMDA=,,vNLriiA+INeh1azUT4LkvNLriiA+IKS9pM7L+9eh1azUT4LkvNLrig==,pc6pYKXqpcQgyq/Tzb1vnKvG96G+T1RYLUNINDUwM1NBRk1Wob+lqKWzpdWlo6lgpesguN+IUsGm0M0vpbul39lBnKvKvSC9b5yro6vXt6SkpMCkrSDO3cTavt3Ww9DOIKWqqWClyKW/paSl1w==,yq/Tzb1vnKvG91xOT1JJVFpcvW+cq4yf08M=,PGJyPjxicj48Zm9udCBzaXplPSI0IiBjb2xvcj0iI0ZGMDAwMCI+PGI+ofml6qXipbOl84RlidOk6jwvYj48L2ZvbnQ+PGJyPqOohGWJ08a3o6m5ss2opeql4qWzpfMgUkMtMzMwMaXepeulwaW7pcOlyDxicj48YnI+PGltZyBzcmM9Imh0dHA6Ly9pbWFnZS5yYWt1dGVuLmNvLmpwL2lpLXNha3VyYS9jYWJpbmV0L25vYmUtOC9ob3NodS5qcGciPjxicj4=,pc6pYKXqpcQgyq/Tzb1vnKvG96G+T1RYLUNINDUwM1NBRk1Wob+lqKWzpdWlo6lgpesguN+IUsGm0M0vpbul39lBnKvKvSC9b5yro6vXt6SkpMCkrSDO3cTavt3Ww9DOIKWqqWClyKW/paSl16O6pKKkpKSipKSlt6XnpcOl16S1pK+k6Q==,pc6pYKXqpcQgyq/Tzb1vnKvG96G+T1RYLUNINDUwM1NBRk1Wob+lqKWzpdWlo6lgpesguN+IUsGm0M0vpbul39lBnKvKvSC9b5yro6vXt6SkpMCkrSDO3cTavt3Ww9DOIKWqqWClyKW/paSl1w==,yq/Tzb1vnKvG91xOT1JJVFpcvW+cq4yf08Oho6XOqWCl6qXEIMqv0829b5yrxvehvk9UWC1DSDQ1MDNTQUZNVqG/pails6XVpaOpYKXrILjfiFLBptDNL6W7pd/ZQZyryr0gvW+cq6Or17ekpKTApK0gzt3E2r7d1sPQziClqqlgpcilv6Wkpdc=[rn]
11-15826,aHR0cDovL3RzaG9wLnIxMHMuanAvaWktc2FrdXJhL2NhYmluZXQveW91a2k2L290cS1jNDcwNHNhZmYtYmwuanBnP2ZpdGluPTcwMDo3MDA=,MTI4ODAwLjAwMDA=,,vNLriiA+INeh1azUT4LkvNLriiA+IKS9pM7L+9eh1azUT4LkvNLrig==,pc6pYKXqpcQgyq/TzaTVpO29b5yrxvehvk9UUS1DNDcwNFNBRkYgQkyhvyil6qXipbOl84RlidMpIL1vnKsr17ekpKTApK0g1rGIUsq9IKWqqWClyKW/paSl1yClqKWzpdWlo6lgpesgzt3E2r7d1sPQzg==,yq/Tzb1vnKvG91xOT1JJVFpcpaqpYKXI,ofml6qXipbOl8z+k1aTtvkDK1oRlidOkx6S5oaM8YnI+ofGEZYnTpeql4qWzpfM8YnI+Cj9SQy1EMTAxRaXepeulwaW7pcOlyChUKaGhKJjLnMqlv6WkpdcpKIRlidPGtyk8YnI+P1JDLUQxMDFQRaXepeulwaW7pcOlyChUKaGhKKWkpfOlv6lgpdul87i2KSiEZYnTxrcpPGJyPj9SQy1DMDAxUKXepeulwaW7pcOlyChUKaGhobilqKXNpeulw6WvmUPE3KG5tO7dZCilpKXzpb+pYKXbpfO4tikohGWJ08a3KTxicj4KPGJyPjxicj48YnI+T1RRLUM0NzA0U0FGRi1CTC9PVFEtQzQ3MDRTQUZGQkw8YnI+Cjxicj48YnI+PGltZyBzcmM9Imh0dHA6Ly9pbWFnZS5yYWt1dGVuLmNvLmpwL2lpLXNha3VyYS9jYWJpbmV0L25vYmUtOC9ob3NodS5qcGciPg==,pc6pYKXqpcQgyq/TzaTVpO29b5yrxvehvk9UUS1DNDcwNFNBRkYgQkyhvyil6qXipbOl84RlidMpIL1vnKsr17ekpKTApK0g1rGIUsq9IKWqqWClyKW/paSl1yClqKWzpdWlo6lgpesgzt3E2r7d1sPQzqO6pKKkpKSipKSlt6XnpcOl16S1pK+k6Q==,pc6pYKXqpcQgyq/TzaTVpO29b5yrxvehvk9UUS1DNDcwNFNBRkYgQkyhvyil6qXipbOl84RlidMpIL1vnKsr17ekpKTApK0g1rGIUsq9IKWqqWClyKW/paSl1yClqKWzpdWlo6lgpesgzt3E2r7d1sPQzg==,yq/Tzb1vnKvG91xOT1JJVFpcpaqpYKXIoaOlzqlgpeqlxCDKr9PNpNWk7b1vnKvG96G+T1RRLUM0NzA0U0FGRiBCTKG/KKXqpeKls6XzhGWJ0ykgvW+cqyvXt6SkpMCkrSDWsYhSyr0gpaqpYKXIpb+lpKXXIKWopbOl1aWjqWCl6yDO3cTavt3Ww9DO[rn]
11-15827,aHR0cDovL3RzaG9wLnIxMHMuanAvaWktc2FrdXJhL2NhYmluZXQveW91a2kzL290cTM3MDRzYXlzLmpwZz9maXRpbj03MDA6NzAw,MTA3ODQwLjAwMDA=,,vNLriiA+INeh1azUT4LkvNLriiA+IKS9pM7L+9eh1azUT4LkvNLrig==,pc6pYKXqpcQgyq/TzaTVpO29b5yrmUOhvk9UUS0zNzA0U0FZUyBCTKG/o6il3qXrpcGl6qXipbOl882sl3mjqc7dzeK+3dbD0M0gM83ya1elv6WkpdcgpaqpYKXIpb+lpKXXIKW5pcal86XspbnN4tewIEJM1Uq2qMa3ICi+yca3t6xPVFEtMzcwMVNBWVMgQkwp,yq/Tzb1vnKvG91xOT1JJVFpcpaqpYKXI,MjAxNMTqOdTCMjLI1bBridM8YnI+Cjxicj4KSDo3NzBtbSBXOjU0MG1tIEQ6MjUwbW08YnI+Cjxicj4KpaqpYKXIpb+lpKXX08Ol6qXipbOl8zxicj4KofGl3qXrpcGl6qXipbOl8y+xvszlyOu4tjxicj4KUkMtQjAwMU0oVCk8YnI+ClJDLUIwMDFTPGJyPgo8YnI+Cjxicj48YnI+Cgo8YnI+PGltZyBzcmM9Imh0dHA6Ly9pbWFnZS5yYWt1dGVuLmNvLmpwL2Nsb3Zlcjg4ODgvY2FiaW5ldC9ub2JlLTgvaG9zaHUuanBnIj4KCjxicj48YnI+T1RRLTM3MDRTQVlTLUJMPGJyPg==,pc6pYKXqpcQgyq/TzaTVpO29b5yrmUOhvk9UUS0zNzA0U0FZUyBCTKG/o6il3qXrpcGl6qXipbOl882sl3mjqc7dzeK+3dbD0M0gM83ya1elv6WkpdcgpaqpYKXIpb+lpKXXIKW5pcal86XspbnN4tewIEJM1Uq2qMa3ICi+yca3t6xPVFEtMzcwMVNBWVMgQkwpo7qkoqSkpKKkpKW3peelw6XXpLWkr6Tp,pc6pYKXqpcQgyq/TzaTVpO29b5yrmUOhvk9UUS0zNzA0U0FZUyBCTKG/o6il3qXrpcGl6qXipbOl882sl3mjqc7dzeK+3dbD0M0gM83ya1elv6WkpdcgpaqpYKXIpb+lpKXXIKW5pcal86XspbnN4tewIEJM1Uq2qMa3ICi+yca3t6xPVFEtMzcwMVNBWVMgQkwp,yq/Tzb1vnKvG91xOT1JJVFpcpaqpYKXIoaOlzqlgpeqlxCDKr9PNpNWk7b1vnKuZQ6G+T1RRLTM3MDRTQVlTIEJMob+jqKXepeulwaXqpeKls6XzzayXeaOpzt3N4r7d1sPQzSAzzfJrV6W/paSl1yClqqlgpcilv6WkpdcgpbmlxqXzpeyluc3i17AgQkzVSraoxrcgKL7Jxre3rE9UUS0zNzAxU0FZUyBCTCk=[rn]
11-15828,aHR0cDovL3RzaG9wLnIxMHMuanAvaWktc2FrdXJhL2NhYmluZXQvMDExNDg4MDEvb3RxLWc0NzAyc2F3LTFibC1yMS5qcGc/Zml0aW49NzAwOjcwMA==,MTAzMDQwLjAwMDA=,,vNLriiA+INeh1azUT4LkvNLriiA+IKS9pM7L+9eh1azUT4LkvNLrig==,pc6pYKXqpcQgob5PVFEtRzQ3MDJTQVctMSBCTKG/peql4qWzpfOfbzQ2LjVrV8qv082k1aTtvW+cq5lDoaHO3c3isdqS7NDO,oaE=,PGJyPjxicj48aW1nIHNyYz0iaHR0cDovL2ltYWdlLnJha3V0ZW4uY28uanAvaWktc2FrdXJhL2NhYmluZXQvbm9iZS04L2hvc2h1LmpwZyAiPg==,pc6pYKXqpcQgob5PVFEtRzQ3MDJTQVctMSBCTKG/peql4qWzpfOfbzQ2LjVrV8qv082k1aTtvW+cq5lDoaHO3c3isdqS7NDOo7qkoqSkpKKkpKW3peelw6XXpLWkr6Tp,pc6pYKXqpcQgob5PVFEtRzQ3MDJTQVctMSBCTKG/peql4qWzpfOfbzQ2LjVrV8qv082k1aTtvW+cq5lDoaHO3c3isdqS7NDO,oaGho6XOqWCl6qXEIKG+T1RRLUc0NzAyU0FXLTEgQkyhv6XqpeKls6Xzn280Ni41a1fKr9PNpNWk7b1vnKuZQ6Ghzt3N4rHakuzQzg==[rn]
11-15829,aHR0cDovL3RzaG9wLnIxMHMuanAvaWktc2FrdXJhL2NhYmluZXQveW91a2kzL290cTM3MDRzYXkuanBnP2ZpdGluPTcwMDo3MDA=,MTAzODQwLjAwMDA=,,vNLriiA+INeh1azUT4LkvNLriiA+IKS9pM7L+9eh1azUT4LkvNLrig==,pc6pYKXqpcQgyq/TzaTVpO29b5yrmUOhvk9UUS0zNzA0U0FZIEJMob+jqKXepeulwaXqpeKls6XzzayXeaOpzt3N4r7d1sPQzSAzzfJrV6W/paSl1yClqqlgpcilv6WkpdcgQkzVSraoxrcgKL7Jxre3rE9UUS0zNzAxU0FZIEJMKQ==,yq/Tzb1vnKvG91xOT1JJVFpcpaqpYKXI,MjAxNMTqOdTCMjLI1bBridM8YnI+Cjxicj4KSDo3NzBtbSBXOjU0MG1tIEQ6MjUwbW08YnI+Cjxicj4KpaqpYKXIpb+lpKXX08Ol6qXipbOl8zxicj4KofGl3qXrpcGl6qXipbOl8y+xvszlyOu4tjxicj4KUkMtQjAwMU0oVCk8YnI+ClJDLUIwMDFTPGJyPgo8YnI+Cjxicj48YnI+Cgo8YnI+PGltZyBzcmM9Imh0dHA6Ly9pbWFnZS5yYWt1dGVuLmNvLmpwL2Nsb3Zlcjg4ODgvY2FiaW5ldC9ub2JlLTgvaG9zaHUuanBnIj4KCjxicj48YnI+T1RRLTM3MDRTQVktQkw8YnI+,pc6pYKXqpcQgyq/TzaTVpO29b5yrmUOhvk9UUS0zNzA0U0FZIEJMob+jqKXepeulwaXqpeKls6XzzayXeaOpzt3N4r7d1sPQzSAzzfJrV6W/paSl1yClqqlgpcilv6WkpdcgQkzVSraoxrcgKL7Jxre3rE9UUS0zNzAxU0FZIEJMKaO6pKKkpKSipKSlt6XnpcOl16S1pK+k6Q==,pc6pYKXqpcQgyq/TzaTVpO29b5yrmUOhvk9UUS0zNzA0U0FZIEJMob+jqKXepeulwaXqpeKls6XzzayXeaOpzt3N4r7d1sPQzSAzzfJrV6W/paSl1yClqqlgpcilv6WkpdcgQkzVSraoxrcgKL7Jxre3rE9UUS0zNzAxU0FZIEJMKQ==,yq/Tzb1vnKvG91xOT1JJVFpcpaqpYKXIoaOlzqlgpeqlxCDKr9PNpNWk7b1vnKuZQ6G+T1RRLTM3MDRTQVkgQkyhv6Oopd6l66XBpeql4qWzpfPNrJd5o6nO3c3ivt3Ww9DNIDPN8mtXpb+lpKXXIKWqqWClyKW/paSl1yBCTNVKtqjGtyAovsnGt7esT1RRLTM3MDFTQVkgQkwp[rn]
11-15830,aHR0cDovL3RzaG9wLnIxMHMuanAvaWktc2FrdXJhL2NhYmluZXQveW91a2kzL290cTQ3MDRheXMuanBnP2ZpdGluPTcwMDo3MDA=,MTE1ODQwLjAwMDA=,,vNLriiA+INeh1azUT4LkvNLriiA+IKS9pM7L+9eh1azUT4LkvNLrig==,IyMjpc6pYKXqpcQgyq/TzaTVpO29b5yrmUOhvk9UUS00NzA0U0FZUyBCTKG/o6il3qXrpcGl6qXipbOl882sl3mjqc7dzeK+3dbD0M0gpaqpYKXIpb+lpKXXIEJM1Uq2qMa3ICi+yca3t6xPVFEtNDcwMVNBWVMgQkwpIMrc16LJ+q5i,yq/Tzb1vnKvG91xOT1JJVFpcpaqpYKXI,PGZvbnQgc2l6ZT0iNCIgY29sb3I9IiNmZjAwZmYiPjxiPsrc16LJ+q5ixrc8L2I+KLx7xtq8czHfTOlnKTwvZm9udD48YnI+PGJyPgo8Zm9udCBzaXplPSI0IiBjb2xvcj0iIj48Yj6h+aSzpMGk6aTOyczGt6TPpLTI673wtF/VSuHhpM6kqsrWxeSkx6S5oaO0+tL9pK2kx6TOpKrIoaTqklGkpKTPpMekraTepLuk86GjPC9iPjwvZm9udD48YnI+PGJyPgoyMDE0xOo51MIyMsjVsGuJ0zxicj4KPGJyPgpIOjc3MG1tIFc6NTQwbW0gRDoyNTBtbTxicj4KofE0zfJrV6W/paSl1zxicj6h8aW5pcal86XspbnN4tewPGJyPgqh8aXepeulwaXqpeKls6XzL7G+zOXI67i2PGJyPgpSQy1EMTAxTShUKTxicj4KUkMtRDEwMVM8YnI+Cjxicj4KPGJyPgqh+aWopbOluaWkpcOlwaTLpM+MnY/qpLekxqSkpN6ku6TzPGJyPgoKPGJyPjxicj4KCjxicj48aW1nIHNyYz0iaHR0cDovL2ltYWdlLnJha3V0ZW4uY28uanAvY2xvdmVyODg4OC9jYWJpbmV0L25vYmUtOC9ob3NodS5qcGciPgoKPGJyPjxicj5PVFEtNDcwNFNBWVMtQkw8YnI+,IyMjpc6pYKXqpcQgyq/TzaTVpO29b5yrmUOhvk9UUS00NzA0U0FZUyBCTKG/o6il3qXrpcGl6qXipbOl882sl3mjqc7dzeK+3dbD0M0gpaqpYKXIpb+lpKXXIEJM1Uq2qMa3ICi+yca3t6xPVFEtNDcwMVNBWVMgQkwpIMrc16LJ+q5io7qkoqSkpKKkpKW3peelw6XXpLWkr6Tp,IyMjpc6pYKXqpcQgyq/TzaTVpO29b5yrmUOhvk9UUS00NzA0U0FZUyBCTKG/o6il3qXrpcGl6qXipbOl882sl3mjqc7dzeK+3dbD0M0gpaqpYKXIpb+lpKXXIEJM1Uq2qMa3ICi+yca3t6xPVFEtNDcwMVNBWVMgQkwpIMrc16LJ+q5i,yq/Tzb1vnKvG91xOT1JJVFpcpaqpYKXIoaMjIyOlzqlgpeqlxCDKr9PNpNWk7b1vnKuZQ6G+T1RRLTQ3MDRTQVlTIEJMob+jqKXepeulwaXqpeKls6XzzayXeaOpzt3N4r7d1sPQzSClqqlgpcilv6WkpdcgQkzVSraoxrcgKL7Jxre3rE9UUS00NzAxU0FZUyBCTCkgytzXosn6rmI=[rn]
11-15831,aHR0cDovL3RzaG9wLnIxMHMuanAvaWktc2FrdXJhL2NhYmluZXQveW91a2k2L290cS00NzA0c2FmLmpwZz9maXRpbj03MDA6NzAw,MTE4Mzc1LjIwMDA=,,vNLriiA+INeh1azUT4LkvNLriiA+IKS9pM7L+9eh1azUT4LkvNLrig==,pc6pYKXqpcQgyq/TzaTVpO29b5yrxvehvk9UUS00NzA0U0FGob8opd6l66XBpeql4qWzpfO4tikgvW+cqyvXt6SkpMCkrSDWsYhSyr0gpaqpYKXIpb+lpKXXIM7dxNovzt3N4rzm08PQzg==,yq/Tzb1vnKvG91xOT1JJVFpcpaqpYKXI,zKjL+aXqpeKls6XzpM+xvszl18XN0cq9oaLUocrSpeql4qWzpfOkz7G+zOXI67i2PGJyPqH5peql4qWzpfOls6lgpcmEZYnTpMekuaGjPGJyPgo8YnI+PGJyPjxpbWcgc3JjPSJodHRwOi8vaW1hZ2UucmFrdXRlbi5jby5qcC9paS1zYWt1cmEvY2FiaW5ldC9ub2JlLTgvaG9zaHUuanBnIj4=,pc6pYKXqpcQgyq/TzaTVpO29b5yrxvehvk9UUS00NzA0U0FGob8opd6l66XBpeql4qWzpfO4tikgvW+cqyvXt6SkpMCkrSDWsYhSyr0gpaqpYKXIpb+lpKXXIM7dxNovzt3N4rzm08PQzqO6pKKkpKSipKSlt6XnpcOl16S1pK+k6Q==,pc6pYKXqpcQgyq/TzaTVpO29b5yrxvehvk9UUS00NzA0U0FGob8opd6l66XBpeql4qWzpfO4tikgvW+cqyvXt6SkpMCkrSDWsYhSyr0gpaqpYKXIpb+lpKXXIM7dxNovzt3N4rzm08PQzg==,yq/Tzb1vnKvG91xOT1JJVFpcpaqpYKXIoaOlzqlgpeqlxCDKr9PNpNWk7b1vnKvG96G+T1RRLTQ3MDRTQUahvyil3qXrpcGl6qXipbOl87i2KSC9b5yrK9e3pKSkwKStINaxiFLKvSClqqlgpcilv6Wkpdcgzt3E2i/O3c3ivObTw9DO[rn]
11-15832,aHR0cDovL3RzaG9wLnIxMHMuanAvaWktc2FrdXJhL2NhYmluZXQvMDExMjc0NDkvb3R4LTQwNnNheXYtcjEuanBnP2ZpdGluPTcwMDo3MDA=,OTAwMDAuMDAwMA==,,vNLriiA+INeh1azUT4LkvNLriiA+IKS9pM7L+9eh1azUT4LkvNLrig==,pc6pYKXqpcQgob5PVFgtNDA2U0FZVqG/pd6l66XBpeql4qWzpfO4tiA0NS45a1fKr9PNpNWk7b1vnKuZQ6Ghzt3N4r7d1sPQzg==,oaE=,PGJyPjxicj48aW1nIHNyYz0iaHR0cDovL2ltYWdlLnJha3V0ZW4uY28uanAvaWktc2FrdXJhL2NhYmluZXQvbm9iZS04L2hvc2h1LmpwZyAiPg==,pc6pYKXqpcQgob5PVFgtNDA2U0FZVqG/pd6l66XBpeql4qWzpfO4tiA0NS45a1fKr9PNpNWk7b1vnKuZQ6Ghzt3N4r7d1sPQzqO6pKKkpKSipKSlt6XnpcOl16S1pK+k6Q==,pc6pYKXqpcQgob5PVFgtNDA2U0FZVqG/pd6l66XBpeql4qWzpfO4tiA0NS45a1fKr9PNpNWk7b1vnKuZQ6Ghzt3N4r7d1sPQzg==,oaGho6XOqWCl6qXEIKG+T1RYLTQwNlNBWVahv6XepeulwaXqpeKls6XzuLYgNDUuOWtXyq/TzaTVpO29b5yrmUOhoc7dzeK+3dbD0M4=[rn]
11-15833,aHR0cDovL3RzaG9wLnIxMHMuanAvaWktc2FrdXJhL2NhYmluZXQveW91a2k2L290cS00NzA0c2FmZi5qcGc/Zml0aW49NzAwOjcwMA==,MTI0Mzk0LjQwMDA=,,vNLriiA+INeh1azUT4LkvNLriiA+IKS9pM7L+9eh1azUT4LkvNLrig==,pc6pYKXqpcQgyq/TzaTVpO29b5yrxvehvk9UUS00NzA0U0FGRqG/KKXepeulwaXqpeKls6XzuLYpIL1vnKsr17ekpKTApK0g1rGIUsq9IKWqqWClyKW/paSl1yDO3cTavt3Ww9DO,yq/Tzb1vnKvG91xOT1JJVFpcpaqpYKXI,zKjL+aXqpeKls6XzpM+xvszl18XN0cq9oaLUocrSpeql4qWzpfOkz7G+zOXI67i2PGJyPqH5peql4qWzpfOls6lgpcmEZYnTpMekuaGjPGJyPgo8YnI+PGJyPjxpbWcgc3JjPSJodHRwOi8vaW1hZ2UucmFrdXRlbi5jby5qcC9paS1zYWt1cmEvY2FiaW5ldC9ub2JlLTgvaG9zaHUuanBnIj4=,pc6pYKXqpcQgyq/TzaTVpO29b5yrxvehvk9UUS00NzA0U0FGRqG/KKXepeulwaXqpeKls6XzuLYpIL1vnKsr17ekpKTApK0g1rGIUsq9IKWqqWClyKW/paSl1yDO3cTavt3Ww9DOo7qkoqSkpKKkpKW3peelw6XXpLWkr6Tp,pc6pYKXqpcQgyq/TzaTVpO29b5yrxvehvk9UUS00NzA0U0FGRqG/KKXepeulwaXqpeKls6XzuLYpIL1vnKsr17ekpKTApK0g1rGIUsq9IKWqqWClyKW/paSl1yDO3cTavt3Ww9DO,yq/Tzb1vnKvG91xOT1JJVFpcpaqpYKXIoaOlzqlgpeqlxCDKr9PNpNWk7b1vnKvG96G+T1RRLTQ3MDRTQUZGob8opd6l66XBpeql4qWzpfO4tikgvW+cqyvXt6SkpMCkrSDWsYhSyr0gpaqpYKXIpb+lpKXXIM7dxNq+3dbD0M4=[rn]
11-15834,aHR0cDovL3RzaG9wLnIxMHMuanAvaWktc2FrdXJhL2NhYmluZXQvMDExMjc0NDkvb3RxLWc0NzAyc2F3cy1yMS5qcGc/Zml0aW49NzAwOjcwMA==,MTExNjAwLjAwMDA=,,vNLriiA+INeh1azUT4LkvNLriiA+IKS9pM7L+9eh1azUT4LkvNLrig==,pc6pYKXqpcQgob5PVFEtRzQ3MDJTQVdTob+l3qXrpcGl6qXipbOl87i2NDYuNWtXoaHKr9PNpNWk7b1vnKuZQ6Ghzt3N4rHakuzQzg==,oaE=,PGJyPjxicj48aW1nIHNyYz0iaHR0cDovL2ltYWdlLnJha3V0ZW4uY28uanAvaWktc2FrdXJhL2NhYmluZXQvbm9iZS04L2hvc2h1LmpwZyAiPg==,pc6pYKXqpcQgob5PVFEtRzQ3MDJTQVdTob+l3qXrpcGl6qXipbOl87i2NDYuNWtXoaHKr9PNpNWk7b1vnKuZQ6Ghzt3N4rHakuzQzqO6pKKkpKSipKSlt6XnpcOl16S1pK+k6Q==,pc6pYKXqpcQgob5PVFEtRzQ3MDJTQVdTob+l3qXrpcGl6qXipbOl87i2NDYuNWtXoaHKr9PNpNWk7b1vnKuZQ6Ghzt3N4rHakuzQzg==,oaGho6XOqWCl6qXEIKG+T1RRLUc0NzAyU0FXU6G/pd6l66XBpeql4qWzpfO4tjQ2LjVrV6Ghyq/TzaTVpO29b5yrmUOhoc7dzeKx2pLs0M4=[rn]
11-15835,aHR0cDovL3RzaG9wLnIxMHMuanAvaWktc2FrdXJhL2NhYmluZXQvMDExNDg4MDEvb3RxLWc0NzAyc2F3ZmYtMWJsLXIxLmpwZz9maXRpbj03MDA6NzAw,MTA1NDk0LjQwMDA=,,vNLriiA+INeh1azUT4LkvNLriiA+IKS9pM7L+9eh1azUT4LkvNLrig==,pc6pYKXqpcQgob5PVFEtRzQ3MDJTQVdGRi0xIEJMob+l6qXipbOl859vNDYuNWtXyq/TzaTVpO29b5yrmUOhoc7dxNqx2pLs0M4=,oaE=,PGJyPjxicj48aW1nIHNyYz0iaHR0cDovL2ltYWdlLnJha3V0ZW4uY28uanAvaWktc2FrdXJhL2NhYmluZXQvbm9iZS04L2hvc2h1LmpwZyAiPg==,pc6pYKXqpcQgob5PVFEtRzQ3MDJTQVdGRi0xIEJMob+l6qXipbOl859vNDYuNWtXyq/TzaTVpO29b5yrmUOhoc7dxNqx2pLs0M6juqSipKSkoqSkpbel56XDpdektaSvpOk=,pc6pYKXqpcQgob5PVFEtRzQ3MDJTQVdGRi0xIEJMob+l6qXipbOl859vNDYuNWtXyq/TzaTVpO29b5yrmUOhoc7dxNqx2pLs0M4=,oaGho6XOqWCl6qXEIKG+T1RRLUc0NzAyU0FXRkYtMSBCTKG/peql4qWzpfOfbzQ2LjVrV8qv082k1aTtvW+cq5lDoaHO3cTasdqS7NDO[rn]
11-15836,aHR0cDovL3RzaG9wLnIxMHMuanAvaWktc2FrdXJhL2NhYmluZXQvMDExMjc0NDkvb3R4LTQwNnNheXN2LXIxLmpwZz9maXRpbj03MDA6NzAw,OTQ0MDAuMDAwMA==,,vNLriiA+INeh1azUT4LkvNLriiA+IKS9pM7L+9eh1azUT4LkvNLrig==,pc6pYKXqpcQgob5PVFgtNDA2U0FZU1ahv6XepeulwaXqpeKls6XzuLYgNDUuOWtXyq/TzaTVpO29b5yrmUOhoc7dzeK+3dbD0M4=,oaE=,PGJyPjxicj48aW1nIHNyYz0iaHR0cDovL2ltYWdlLnJha3V0ZW4uY28uanAvaWktc2FrdXJhL2NhYmluZXQvbm9iZS04L2hvc2h1LmpwZyAiPg==,pc6pYKXqpcQgob5PVFgtNDA2U0FZU1ahv6XepeulwaXqpeKls6XzuLYgNDUuOWtXyq/TzaTVpO29b5yrmUOhoc7dzeK+3dbD0M6juqSipKSkoqSkpbel56XDpdektaSvpOk=,pc6pYKXqpcQgob5PVFgtNDA2U0FZU1ahv6XepeulwaXqpeKls6XzuLYgNDUuOWtXyq/TzaTVpO29b5yrmUOhoc7dzeK+3dbD0M4=,oaGho6XOqWCl6qXEIKG+T1RYLTQwNlNBWVNWob+l3qXrpcGl6qXipbOl87i2IDQ1LjlrV8qv082k1aTtvW+cq5lDoaHO3c3ivt3Ww9DO[rn]
11-15837,aHR0cDovL3RzaG9wLnIxMHMuanAvaWktc2FrdXJhL2NhYmluZXQvMDExMjc0NDkvb3R4LTQwNXNhZnYtcjEuanBnP2ZpdGluPTcwMDo3MDA=,OTE4NDAuMDAwMA==,,vNLriiA+INeh1azUT4LkvNLriiA+IKS9pM7L+9eh1azUT4LkvNLrig==,pc6pYKXqpcQgob5PVFgtNDA1U0FGVqG/pd6l66XBpeql4qWzpfO4tiA0NS45a1fKr9PNpNWk7b1vnKuZQ6Ghzt3E2r7d1sPQzg==,oaE=,PGJyPjxicj48aW1nIHNyYz0iaHR0cDovL2ltYWdlLnJha3V0ZW4uY28uanAvaWktc2FrdXJhL2NhYmluZXQvbm9iZS04L2hvc2h1LmpwZyAiPg==,pc6pYKXqpcQgob5PVFgtNDA1U0FGVqG/pd6l66XBpeql4qWzpfO4tiA0NS45a1fKr9PNpNWk7b1vnKuZQ6Ghzt3E2r7d1sPQzqO6pKKkpKSipKSlt6XnpcOl16S1pK+k6Q==,pc6pYKXqpcQgob5PVFgtNDA1U0FGVqG/pd6l66XBpeql4qWzpfO4tiA0NS45a1fKr9PNpNWk7b1vnKuZQ6Ghzt3E2r7d1sPQzg==,oaGho6XOqWCl6qXEIKG+T1RYLTQwNVNBRlahv6XepeulwaXqpeKls6XzuLYgNDUuOWtXyq/TzaTVpO29b5yrmUOhoc7dxNq+3dbD0M4=[rn]
11-15838,aHR0cDovL3RzaG9wLnIxMHMuanAvaWktc2FrdXJhL2NhYmluZXQvMDExNDg4MDEvb3RxLWc0NzAyc2F3cy0xYmwtcjEuanBnP2ZpdGluPTcwMDo3MDA=,MTA3OTA1LjYwMDA=,,vNLriiA+INeh1azUT4LkvNLriiA+IKS9pM7L+9eh1azUT4LkvNLrig==,pc6pYKXqpcQgob5PVFEtRzQ3MDJTQVdTLTEgQkyhv6XqpeKls6Xzn280Ni41a1fKr9PNpNWk7b1vnKuZQ6Ghzt3N4rHakuzQzg==,oaE=,PGJyPjxicj48aW1nIHNyYz0iaHR0cDovL2ltYWdlLnJha3V0ZW4uY28uanAvaWktc2FrdXJhL2NhYmluZXQvbm9iZS04L2hvc2h1LmpwZyAiPg==,pc6pYKXqpcQgob5PVFEtRzQ3MDJTQVdTLTEgQkyhv6XqpeKls6Xzn280Ni41a1fKr9PNpNWk7b1vnKuZQ6Ghzt3N4rHakuzQzqO6pKKkpKSipKSlt6XnpcOl16S1pK+k6Q==,pc6pYKXqpcQgob5PVFEtRzQ3MDJTQVdTLTEgQkyhv6XqpeKls6Xzn280Ni41a1fKr9PNpNWk7b1vnKuZQ6Ghzt3N4rHakuzQzg==,oaGho6XOqWCl6qXEIKG+T1RRLUc0NzAyU0FXUy0xIEJMob+l6qXipbOl859vNDYuNWtXyq/TzaTVpO29b5yrmUOhoc7dzeKx2pLs0M4=[rn]
11-15839,aHR0cDovL3RzaG9wLnIxMHMuanAvaWktc2FrdXJhL2NhYmluZXQvMDExMjc0NDkvb3R4LTMwNXNhZnYtcjEuanBnP2ZpdGluPTcwMDo3MDA=,ODcyODAuMDAwMA==,,vNLriiA+INeh1azUT4LkvNLriiA+IKS9pM7L+9eh1azUT4LkvNLrig==,IyMjIKXOqWCl6qXEIKG+T1RYLTMwNVNBRlahv6XepeulwaXqpeKls6XzuLYgMzcuNmtXyq/TzaTVpO29b5yrmUOhoc7dxNq+3dbD0M4gytzXosn6rmI=,oaE=,PGZvbnQgc2l6ZT0iNCIgY29sb3I9IiNmZjAwZmYiPjxiPsrc16LJ+q5ixrc8L2I+KLx7xtq8czHfTOlnKTwvZm9udD48YnI+PGJyPjxmb250IHNpemU9IjQiIGNvbG9yPSIiPjxiPqH5pLOkwaTppM7JzMa3pM+ktMjrvfC0X9VK4eGkzqSqytbF5KTHpLmho7T60v2kraTHpM6kqsihpOqSUaSkpM+kx6StpN6ku6TzoaM8L2I+PC9mb250Pjxicj48YnI+Cjxicj48YnI+PGltZyBzcmM9Imh0dHA6Ly9pbWFnZS5yYWt1dGVuLmNvLmpwL2lpLXNha3VyYS9jYWJpbmV0L25vYmUtOC9ob3NodS5qcGcgIj4=,IyMjIKXOqWCl6qXEIKG+T1RYLTMwNVNBRlahv6XepeulwaXqpeKls6XzuLYgMzcuNmtXyq/TzaTVpO29b5yrmUOhoc7dxNq+3dbD0M4gytzXosn6rmKjuqSipKSkoqSkpbel56XDpdektaSvpOk=,IyMjIKXOqWCl6qXEIKG+T1RYLTMwNVNBRlahv6XepeulwaXqpeKls6XzuLYgMzcuNmtXyq/TzaTVpO29b5yrmUOhoc7dxNq+3dbD0M4gytzXosn6rmI=,oaGhoyMjIyClzqlgpeqlxCChvk9UWC0zMDVTQUZWob+l3qXrpcGl6qXipbOl87i2IDM3LjZrV8qv082k1aTtvW+cq5lDoaHO3cTavt3Ww9DOIMrc16LJ+q5i[rn]
11-15840,aHR0cDovL3RzaG9wLnIxMHMuanAvaWktc2FrdXJhL2NhYmluZXQva290b21pMS9tYng0NTAwZmYuanBnP2ZpdGluPTcwMDo3MDA=,MTQ0NjMyLjgwMDA=,,vNLriiA+INeh1azUT4LkvNLriiA+IKS9pM7L+9eh1azUT4LkvNLrig==,IyMjpc6pYKXqpcQgyq/Tzb1vnKvG96G+TUJYLTQ1MDBGRqG/mEmE1dPDvW+cq8b3IL1vnKuMn9PDIM7dxNrTw7Drw9zpXcq9j4rWxsXFmt3QziClu6Xf2UGcq8q9IDUyLjNrV6W/paSl1yDK3NeiyfquYg==,yq/Tzb1vnKvG91xOT1JJVFpcvW+cq4yf08M=,PGZvbnQgc2l6ZT0iNCIgY29sb3I9IiNmZjAwZmYiPjxiPsrc16LJ+q5ixrc8L2I+KNSUpLekr6TPpKqGlqSkus+k76S7pK+kwKS1pKQpPC9mb250Pjxicj48YnI+PGZvbnQgc2l6ZT0iNCIgY29sb3I9IiI+PGI+ofmks6TBpOmkzsnMxrekz6S0yOu98LRf1Urh4aTOpKrK1sXkpMekuaGjtPrS/aStpMekzqSqyKGk6pJRpKSkz6THpK2k3qS7pPOhozwvYj48L2ZvbnQ+PGJyPjxicj48YnI+PGZvbnQgc2l6ZT0iNCI+PGI+ofG7rc/xpM+0+rHt0M23rKTOpaSl4algpbiky6TKpOqk3qS5oaM8YnI+0M23rM2opOqkzsrWxeSky6TKpOqk3qS5pM6kx6Ooyas/0M61yKOptF/VSqTOyc+ktNeizsTPwqS1pKShozwvYj48L2ZvbnQ+PGJyPjxicj48Zm9udCBzaXplPSI0Ij48YnI+peql4qWzpfOkz7G+zOXXxc3Ryr08YnI+PC9mb250Pjxicj48YnI+,IyMjpc6pYKXqpcQgyq/Tzb1vnKvG96G+TUJYLTQ1MDBGRqG/mEmE1dPDvW+cq8b3IL1vnKuMn9PDIM7dxNrTw7Drw9zpXcq9j4rWxsXFmt3QziClu6Xf2UGcq8q9IDUyLjNrV6W/paSl1yDK3NeiyfquYqO6pKKkpKSipKSlt6XnpcOl16S1pK+k6Q==,IyMjpc6pYKXqpcQgyq/Tzb1vnKvG96G+TUJYLTQ1MDBGRqG/mEmE1dPDvW+cq8b3IL1vnKuMn9PDIM7dxNrTw7Drw9zpXcq9j4rWxsXFmt3QziClu6Xf2UGcq8q9IDUyLjNrV6W/paSl1yDK3NeiyfquYg==,yq/Tzb1vnKvG91xOT1JJVFpcvW+cq4yf08OhoyMjI6XOqWCl6qXEIMqv0829b5yrxvehvk1CWC00NTAwRkahv5hJhNXTw71vnKvG9yC9b5yrjJ/TwyDO3cTa08Ow68Pc6V3KvY+K1sbFxZrd0M4gpbul39lBnKvKvSA1Mi4za1elv6WkpdcgytzXosn6rmI=[rn]
11-15841,aHR0cDovL3RzaG9wLnIxMHMuanAvaWktc2FrdXJhL2NhYmluZXQvMDExNDg4MDEvb3FiLWc0NzAyd2EtcjEuanBnP2ZpdGluPTcwMDo3MDA=,NzE3NTMuNjAwMA==,,vNLriiA+INeh1azUT4LkvNLriiA+IKS9pM7L+9eh1azUT4LkvNLrig==,IyMjpc6pYKXqpcTKr9PNpNWk7b1vnKuZQ6G+T1FCLUc0NzAyV0Ghv71vnKuMn9PDIDTN8qWtpe2lv6WkpdelqqlgpciluaXIpcOl1yDWsYhSyr3O3c3isdqS7NDNIMrc16LJ+q5i,oaE=,PGZvbnQgc2l6ZT0iNCIgY29sb3I9IiNmZjAwZmYiPjxiPsrc16LJ+q5ixrc8L2I+KNSUpLekr6TPpKqGlqSkus+k76S7pK+kwKS1pKQpPC9mb250Pjxicj48YnI+PGZvbnQgc2l6ZT0iNCIgY29sb3I9IiI+PGI+ofmks6TBpOmkzsnMxrekz6S0yOu98LRf1Urh4aTOpKrK1sXkpMekuaGjtPrS/aStpMekzqSqyKGk6pJRpKSkz6THpK2k3qS7pPOhozwvYj48L2ZvbnQ+PGJyPjxicj4KCiAKPGJyPjxicj48aW1nIHNyYz0iaHR0cDovL2ltYWdlLnJha3V0ZW4uY28uanAvaWktc2FrdXJhL2NhYmluZXQvbm9iZS04L2hvc2h1LmpwZyAiPg==,IyMjpc6pYKXqpcTKr9PNpNWk7b1vnKuZQ6G+T1FCLUc0NzAyV0Ghv71vnKuMn9PDIDTN8qWtpe2lv6WkpdelqqlgpciluaXIpcOl1yDWsYhSyr3O3c3isdqS7NDNIMrc16LJ+q5io7qkoqSkpKKkpKW3peelw6XXpLWkr6Tp,IyMjpc6pYKXqpcTKr9PNpNWk7b1vnKuZQ6G+T1FCLUc0NzAyV0Ghv71vnKuMn9PDIDTN8qWtpe2lv6WkpdelqqlgpciluaXIpcOl1yDWsYhSyr3O3c3isdqS7NDNIMrc16LJ+q5i,oaGhoyMjI6XOqWCl6qXEyq/TzaTVpO29b5yrmUOhvk9RQi1HNDcwMldBob+9b5yrjJ/TwyA0zfKlraXtpb+lpKXXpaqpYKXIpbmlyKXDpdcg1rGIUsq9zt3N4rHakuzQzSDK3NeiyfquYg==[rn]
11-15842,aHR0cDovL3RzaG9wLnIxMHMuanAvaWktc2FrdXJhL2NhYmluZXQva290b21pMS9tYngzMTEwdy5qcGc/Zml0aW49NzAwOjcwMA==,MTM5Mjc2LjAwMDA=,,vNLriiA+INeh1azUT4LkvNLriiA+IKS9pM7L+9eh1azUT4LkvNLrig==,IyMjpc6pYKXqpcQgyq/Tzb1vnKvG96G+TUJYLTMxMTBXob+YSYTV08O9b5yrxvcgvW+cqz/Fr7e/vObTwyDO3c3i08PpX7fF0M4vzt3E2tPDsOvD3Oldyr2PitbGxcWa3dDOIKW7pd/ZQZyryr0gMzYuMGtXpb+lpKXXIMrc16LJ+q5i,yq/Tzb1vnKvG91xOT1JJVFpcvW+cq4yf08M=,PGZvbnQgc2l6ZT0iNCIgY29sb3I9IiNmZjAwZmYiPjxiPsrc16LJ+q5ixrc8L2I+KNSUpLekr6TPpKqGlqSkus+k76S7pK+kwKS1pKQpPC9mb250Pjxicj48YnI+PGZvbnQgc2l6ZT0iNCIgY29sb3I9IiI+PGI+ofmks6TBpOmkzsnMxrekz6S0yOu98LRf1Urh4aTOpKrK1sXkpMekuaGjtPrS/aStpMekzqSqyKGk6pJRpKSkz6THpK2k3qS7pPOhozwvYj48L2ZvbnQ+PGJyPjxicj48YnI+PGZvbnQgc2l6ZT0iNCI+PGI+ofG7rc/xpM+0+rHt0M23rKTOpaSl4algpbiky6TKpOqk3qS5oaM8YnI+0M23rM2opOqkzsrWxeSky6TKpOqk3qS5pM6kx6Ooyas/0M61yKOptF/VSqTOyc+ktNeizsTPwqS1pKShozwvYj48L2ZvbnQ+PGJyPjxicj48Zm9udCBzaXplPSI0Ij48YnI+peql4qWzpfOkz7G+zOXXxc3Ryr08YnI+PC9mb250Pjxicj48YnI+PGJyPjxicj48aW1nIHNyYz0iaHR0cDovL2ltYWdlLnJha3V0ZW4uY28uanAvY2xvdmVyODg4OC9jYWJpbmV0L25vYmUtOC9ob3NodS5qcGciPg==,IyMjpc6pYKXqpcQgyq/Tzb1vnKvG96G+TUJYLTMxMTBXob+YSYTV08O9b5yrxvcgvW+cqz/Fr7e/vObTwyDO3c3i08PpX7fF0M4vzt3E2tPDsOvD3Oldyr2PitbGxcWa3dDOIKW7pd/ZQZyryr0gMzYuMGtXpb+lpKXXIMrc16LJ+q5io7qkoqSkpKKkpKW3peelw6XXpLWkr6Tp,IyMjpc6pYKXqpcQgyq/Tzb1vnKvG96G+TUJYLTMxMTBXob+YSYTV08O9b5yrxvcgvW+cqz/Fr7e/vObTwyDO3c3i08PpX7fF0M4vzt3E2tPDsOvD3Oldyr2PitbGxcWa3dDOIKW7pd/ZQZyryr0gMzYuMGtXpb+lpKXXIMrc16LJ+q5i,yq/Tzb1vnKvG91xOT1JJVFpcvW+cq4yf08OhoyMjI6XOqWCl6qXEIMqv0829b5yrxvehvk1CWC0zMTEwV6G/mEmE1dPDvW+cq8b3IL1vnKs/xa+3v7zm08Mgzt3N4tPD6V+3xdDOL87dxNrTw7Drw9zpXcq9j4rWxsXFmt3QziClu6Xf2UGcq8q9IDM2LjBrV6W/paSl1yDK3NeiyfquYg==[rn]
11-15843,aHR0cDovL3RzaG9wLnIxMHMuanAvaWktc2FrdXJhL2NhYmluZXQvbW9yaXNoaW1hMS9vcWJjNDcwNHlzcmMuanBnP2ZpdGluPTcwMDo3MDA=,MTAxNDcyLjgwMDA=,,vNLriiA+INeh1azUT4LkvNLriiA+IKS9pM7L+9eh1azUT4LkvNLrig==,pc6pYKXqpcQgyq/Tzb1vnKvG96G+T1FCLUM0NzA0WVMtUkOhv6WopbOl1aWjqWCl6yDWsYhSyr29b5yrjJ/TwyAopeql4qWzpfPNrJd5KQ==,yq/Tzb1vnKvG91xOT1JJVFpcvW+cq4yf08M=,ofnUocrSpeql4qWzpfM/y83TzbncpM+EZYnTpOqkx6S5oaM8YnI+CoRlidOk6tShytKl6qXipbOl8yBSQy1CMDA2Uzxicj4KhGWJ06Tqy83TzbncIKbVOKW7pcOlyDNNPGJyPgoKPGJyPjxicj48aW1nIHNyYz0iaHR0cDovL2ltYWdlLnJha3V0ZW4uY28uanAvaWktc2FrdXJhL2NhYmluZXQvbm9iZS04L2hvc2h1LmpwZyI+PGJyPg==,pc6pYKXqpcQgyq/Tzb1vnKvG96G+T1FCLUM0NzA0WVMtUkOhv6WopbOl1aWjqWCl6yDWsYhSyr29b5yrjJ/TwyAopeql4qWzpfPNrJd5KaO6pKKkpKSipKSlt6XnpcOl16S1pK+k6Q==,pc6pYKXqpcQgyq/Tzb1vnKvG96G+T1FCLUM0NzA0WVMtUkOhv6WopbOl1aWjqWCl6yDWsYhSyr29b5yrjJ/TwyAopeql4qWzpfPNrJd5KQ==,yq/Tzb1vnKvG91xOT1JJVFpcvW+cq4yf08Oho6XOqWCl6qXEIMqv0829b5yrxvehvk9RQi1DNDcwNFlTLVJDob+lqKWzpdWlo6lgpesg1rGIUsq9vW+cq4yf08MgKKXqpeKls6XzzayXeSk=[rn]
11-15844,aHR0cDovL3RzaG9wLnIxMHMuanAvaWktc2FrdXJhL2NhYmluZXQvMDExNDg4MDEvb3gtaDQwOHl2LXIxLmpwZz9maXRpbj03MDA6NzAw,NjIzNTIuODAwMA==,,vNLriiA+INeh1azUT4LkvNLriiA+IKS9pM7L+9eh1azUT4LkvNLrig==,pc6pYKXqpcTKr9PNpNWk7b1vnKuZQ6G+T1gtSDQwOFlWob+9b5yrjJ/TwyA0zfKlraXtpb+lpKXXmMucyqW/paSl1yC434hSwabQzSClu6Xf2UGcq8q9ob5zbXRiLWahvw==,oaE=,PGJyPjxicj48aW1nIHNyYz0iaHR0cDovL2ltYWdlLnJha3V0ZW4uY28uanAvaWktc2FrdXJhL2NhYmluZXQvbm9iZS04L2hvc2h1LmpwZyAiPg==,pc6pYKXqpcTKr9PNpNWk7b1vnKuZQ6G+T1gtSDQwOFlWob+9b5yrjJ/TwyA0zfKlraXtpb+lpKXXmMucyqW/paSl1yC434hSwabQzSClu6Xf2UGcq8q9ob5zbXRiLWahv6O6pKKkpKSipKSlt6XnpcOl16S1pK+k6Q==,pc6pYKXqpcTKr9PNpNWk7b1vnKuZQ6G+T1gtSDQwOFlWob+9b5yrjJ/TwyA0zfKlraXtpb+lpKXXmMucyqW/paSl1yC434hSwabQzSClu6Xf2UGcq8q9ob5zbXRiLWahvw==,oaGho6XOqWCl6qXEyq/TzaTVpO29b5yrmUOhvk9YLUg0MDhZVqG/vW+cq4yf08MgNM3ypa2l7aW/paSl15jLnMqlv6WkpdcguN+IUsGm0M0gpbul39lBnKvKvaG+c210Yi1mob8=[rn]
11-15845,aHR0cDovL3RzaG9wLnIxMHMuanAvaWktc2FrdXJhL2NhYmluZXQvMDExNDg4MDEvb3g0MDd5cy1yMS5qcGc/Zml0aW49NzAwOjcwMA==,NTY4MDAuMDAwMA==,,vNLriiA+INeh1azUT4LkvNLriiA+IKS9pM7L+9eh1azUT4LkvNLrig==,pc6pYKXqpcShocqv0829b5yrxvehvk9YLTQwN1lTob/MqMv5peql4qWzpfO4tr1vnKuMn9PDpbul39lBnKvKvaG+c210Yi1mob8=,oaE=,PGJyPjxicj48aW1nIHNyYz0iaHR0cDovL2ltYWdlLnJha3V0ZW4uY28uanAvaWktc2FrdXJhL2NhYmluZXQvbm9iZS04L2hvc2h1LmpwZyAiPg==,pc6pYKXqpcShocqv0829b5yrxvehvk9YLTQwN1lTob/MqMv5peql4qWzpfO4tr1vnKuMn9PDpbul39lBnKvKvaG+c210Yi1mob+juqSipKSkoqSkpbel56XDpdektaSvpOk=,pc6pYKXqpcShocqv0829b5yrxvehvk9YLTQwN1lTob/MqMv5peql4qWzpfO4tr1vnKuMn9PDpbul39lBnKvKvaG+c210Yi1mob8=,oaGho6XOqWCl6qXEoaHKr9PNvW+cq8b3ob5PWC00MDdZU6G/zKjL+aXqpeKls6XzuLa9b5yrjJ/Tw6W7pd/ZQZyryr2hvnNtdGItZqG/[rn]
11-15846,aHR0cDovL3RzaG9wLnIxMHMuanAvaWktc2FrdXJhL2NhYmluZXQva290b21pMS9vcWI0NzA0ZmYuanBnP2ZpdGluPTcwMDo3MDA=,OTUzODQuODAwMA==,,vNLriiA+INeh1azUT4LkvNLriiA+IKS9pM7L+9eh1azUT4LkvNLrig==,pc6pYKXqpcQgyq/Tzb1vnKvG96G+T1FCLTQ3MDRGRqG/1rGIUsq9IL1vnKuMn9PDIM7dxNq+3dbD0M4gmMucyiClqqlgpcSlyKXDpdekyqS3pb+lpKXXIDTN8qWtpe0=,yq/Tzb1vnKvG91xOT1JJVFpcvW+cq4yf08M=,PGJyPjxicj48Zm9udCBzaXplPSI0Ij48YnI+zKjL+aXqpeKls6XzpM+xvszl18XN0cq9PGJyPqH517e806XqpeKls6XzKNShytKl6qXipbOl8ymkz4RlidOkx6S5oaM8YnI+CiiEZYnTxrcpP9ShytKl6qXipbOl8yBSQy03NjA2Uzxicj4/pbWl1qXqpeKls6XzIFJDLTgwMDFBPGJyPj/UocrSpbWl1qXqpeKls6XzUkMtODAwMUI8YnI+PC9mb250Pjxicj48YnI+PGJyPjxicj48aW1nIHNyYz0iaHR0cDovL2ltYWdlLnJha3V0ZW4uY28uanAvaWktc2FrdXJhL2NhYmluZXQvbm9iZS04L2hvc2h1LmpwZyI+PGJyPg==,pc6pYKXqpcQgyq/Tzb1vnKvG96G+T1FCLTQ3MDRGRqG/1rGIUsq9IL1vnKuMn9PDIM7dxNq+3dbD0M4gmMucyiClqqlgpcSlyKXDpdekyqS3pb+lpKXXIDTN8qWtpe2juqSipKSkoqSkpbel56XDpdektaSvpOk=,pc6pYKXqpcQgyq/Tzb1vnKvG96G+T1FCLTQ3MDRGRqG/1rGIUsq9IL1vnKuMn9PDIM7dxNq+3dbD0M4gmMucyiClqqlgpcSlyKXDpdekyqS3pb+lpKXXIDTN8qWtpe0=,yq/Tzb1vnKvG91xOT1JJVFpcvW+cq4yf08Oho6XOqWCl6qXEIMqv0829b5yrxvehvk9RQi00NzA0Rkahv9axiFLKvSC9b5yrjJ/TwyDO3cTavt3Ww9DOIJjLnMogpaqpYKXEpcilw6XXpMqkt6W/paSl1yA0zfKlraXt[rn]
11-15847,aHR0cDovL3RzaG9wLnIxMHMuanAvaWktc2FrdXJhL2NhYmluZXQvMDExMjc0NDkvb3gtMzA3eS1yMS5qcGc/Zml0aW49NzAwOjcwMA==,NDc4NDAuMDAwMA==,,vNLriiA+INeh1azUT4LkvNLriiA+IKS9pM7L+9eh1azUT4LkvNLrig==,IyMjpc6pYKXqpcQgob5PWC0zMDdZob/MqMv5peql4qWzpfO4tjM3LjhrV6Ghyq/Tzb1vnKuZQ6Ghzt3N4r7d1sPQzg==,oaE=,PGJyPjxicj48aW1nIHNyYz0iaHR0cDovL2ltYWdlLnJha3V0ZW4uY28uanAvaWktc2FrdXJhL2NhYmluZXQvbm9iZS04L2hvc2h1LmpwZyAiPjxicj48Zm9udCBzaXplPSI0IiBjb2xvcj0iIj48Yj6h+aSzpMGk6aTOyczGt6TPpLTI673wtF/VSuHhpM6kqsrWxeSkx6S5oaO0+tL9pK2kx6TOpKrIoaTqklGkpKTPpMekraTepLuk86GjPC9iPjwvZm9udD48YnI+PGJyPg==,IyMjpc6pYKXqpcQgob5PWC0zMDdZob/MqMv5peql4qWzpfO4tjM3LjhrV6Ghyq/Tzb1vnKuZQ6Ghzt3N4r7d1sPQzqO6pKKkpKSipKSlt6XnpcOl16S1pK+k6Q==,IyMjpc6pYKXqpcQgob5PWC0zMDdZob/MqMv5peql4qWzpfO4tjM3LjhrV6Ghyq/Tzb1vnKuZQ6Ghzt3N4r7d1sPQzg==,oaGhoyMjI6XOqWCl6qXEIKG+T1gtMzA3WaG/zKjL+aXqpeKls6XzuLYzNy44a1ehocqv0829b5yrmUOhoc7dzeK+3dbD0M4=[rn]
11-15848,aHR0cDovL3RzaG9wLnIxMHMuanAvaWktc2FrdXJhL2NhYmluZXQvMDExMjc0NDkvb3gtNDA3eS1yMS5qcGc/Zml0aW49NzAwOjcwMA==,NTIwMDAuMDAwMA==,,vNLriiA+INeh1azUT4LkvNLriiA+IKS9pM7L+9eh1azUT4LkvNLrig==,IyMjpc6pYKXqpcQgob5PWC00MDdZob/MqMv5peql4qWzpfO4tjQ1LjBrV6Ghyq/Tzb1vnKuZQ6Ghzt3N4r7d1sPQziDK3NeiyfquYg==,oaE=,PGZvbnQgc2l6ZT0iNCIgY29sb3I9IiNmZjAwZmYiPjxiPsrc16LJ+q5ixrc8L2I+KLx7xtq8czHfTOlnKTwvZm9udD48YnI+PGJyPjxmb250IHNpemU9IjQiIGNvbG9yPSIiPjxiPqH5pLOkwaTppM7JzMa3pM+ktMjrvfC0X9VK4eGkzqSqytbF5KTHpLmho7T60v2kraTHpM6kqsihpOqSUaSkpM+kx6StpN6ku6TzoaM8L2I+PC9mb250Pjxicj48YnI+CgoKPGJyPjxicj48aW1nIHNyYz0iaHR0cDovL2ltYWdlLnJha3V0ZW4uY28uanAvaWktc2FrdXJhL2NhYmluZXQvbm9iZS04L2hvc2h1LmpwZyAiPg==,IyMjpc6pYKXqpcQgob5PWC00MDdZob/MqMv5peql4qWzpfO4tjQ1LjBrV6Ghyq/Tzb1vnKuZQ6Ghzt3N4r7d1sPQziDK3NeiyfquYqO6pKKkpKSipKSlt6XnpcOl16S1pK+k6Q==,IyMjpc6pYKXqpcQgob5PWC00MDdZob/MqMv5peql4qWzpfO4tjQ1LjBrV6Ghyq/Tzb1vnKuZQ6Ghzt3N4r7d1sPQziDK3NeiyfquYg==,oaGhoyMjI6XOqWCl6qXEIKG+T1gtNDA3WaG/zKjL+aXqpeKls6XzuLY0NS4wa1ehocqv0829b5yrmUOhoc7dzeK+3dbD0M4gytzXosn6rmI=[rn]
11-15849,aHR0cDovL3RzaG9wLnIxMHMuanAvaWktc2FrdXJhL2NhYmluZXQva290b21pMS9tYng2MDAwLmpwZz9maXRpbj03MDA6NzAw,MjU3MTI1LjYwMDA=,,vNLriiA+INeh1azUT4LkvNLriiA+IKS9pM7L+9eh1azUT4LkvNLrig==,IyMjpc6pYKXqpcQgyq/Tzb1vnKvG96G+TUJYLTYwMDChv5hJhNXTw71vnKvG9yC9b5yrjJ/TwyDO3cTa08Ow68Pc6V3KvY+K1sbFxZrd0M4g2UGcq8q9IDcyLjFrV6W/paSl1yDK3NeiyfquYg==,yq/Tzb1vnKvG91xOT1JJVFpcvW+cq4yf08M=,PGZvbnQgc2l6ZT0iNCIgY29sb3I9IiNmZjAwZmYiPjxiPsrc16LJ+q5ixrc8L2I+KNSUpLekr6TPpKqGlqSkus+k76S7pK+kwKS1pKQpPC9mb250Pjxicj48YnI+PGZvbnQgc2l6ZT0iNCIgY29sb3I9IiI+PGI+ofmks6TBpOmkzsnMxrekz6S0yOu98LRf1Urh4aTOpKrK1sXkpMekuaGjtPrS/aStpMekzqSqyKGk6pJRpKSkz6THpK2k3qS7pPOhozwvYj48L2ZvbnQ+PGJyPjxicj48YnI+PGZvbnQgc2l6ZT0iNCI+PGJyPqXqpeKls6XzpM+xvszl18XN0cq9PGJyPjwvZm9udD48YnI+PGJyPg==,IyMjpc6pYKXqpcQgyq/Tzb1vnKvG96G+TUJYLTYwMDChv5hJhNXTw71vnKvG9yC9b5yrjJ/TwyDO3cTa08Ow68Pc6V3KvY+K1sbFxZrd0M4g2UGcq8q9IDcyLjFrV6W/paSl1yDK3NeiyfquYqO6pKKkpKSipKSlt6XnpcOl16S1pK+k6Q==,IyMjpc6pYKXqpcQgyq/Tzb1vnKvG96G+TUJYLTYwMDChv5hJhNXTw71vnKvG9yC9b5yrjJ/TwyDO3cTa08Ow68Pc6V3KvY+K1sbFxZrd0M4g2UGcq8q9IDcyLjFrV6W/paSl1yDK3NeiyfquYg==,yq/Tzb1vnKvG91xOT1JJVFpcvW+cq4yf08OhoyMjI6XOqWCl6qXEIMqv0829b5yrxvehvk1CWC02MDAwob+YSYTV08O9b5yrxvcgvW+cq4yf08Mgzt3E2tPDsOvD3Oldyr2PitbGxcWa3dDOINlBnKvKvSA3Mi4xa1elv6WkpdcgytzXosn6rmI=[rn]
11-15850,aHR0cDovL3RzaG9wLnIxMHMuanAvaWktc2FrdXJhL2NhYmluZXQvMDExNDg4MDEvb3FiLWc0NzAyd3NhLXIxLmpwZz9maXRpbj03MDA6NzAw,NzY0MTkuMjAwMA==,,vNLriiA+INeh1azUT4LkvNLriiA+IKS9pM7L+9eh1azUT4LkvNLrig==,pc6pYKXqpcTKr9PNpNWk7b1vnKuZQ6G+T1FCLUc0NzAyV1NBob+9b5yrjJ/TwyA0zfKlraXtpb+lpKXXpaqpYKXIpbmlyKXDpdcg1rGIUsq9zt3N4rHakuzQzaG+c210Yi1mob8=,oaE=,PGJyPjxicj48aW1nIHNyYz0iaHR0cDovL2ltYWdlLnJha3V0ZW4uY28uanAvaWktc2FrdXJhL2NhYmluZXQvbm9iZS04L2hvc2h1LmpwZyAiPg==,pc6pYKXqpcTKr9PNpNWk7b1vnKuZQ6G+T1FCLUc0NzAyV1NBob+9b5yrjJ/TwyA0zfKlraXtpb+lpKXXpaqpYKXIpbmlyKXDpdcg1rGIUsq9zt3N4rHakuzQzaG+c210Yi1mob+juqSipKSkoqSkpbel56XDpdektaSvpOk=,pc6pYKXqpcTKr9PNpNWk7b1vnKuZQ6G+T1FCLUc0NzAyV1NBob+9b5yrjJ/TwyA0zfKlraXtpb+lpKXXpaqpYKXIpbmlyKXDpdcg1rGIUsq9zt3N4rHakuzQzaG+c210Yi1mob8=,oaGho6XOqWCl6qXEyq/TzaTVpO29b5yrmUOhvk9RQi1HNDcwMldTQaG/vW+cq4yf08MgNM3ypa2l7aW/paSl16WqqWClyKW5pcilw6XXINaxiFLKvc7dzeKx2pLs0M2hvnNtdGItZqG/[rn]
11-15851,aHR0cDovL3RzaG9wLnIxMHMuanAvaWktc2FrdXJhL2NhYmluZXQva290b21pMS9veGM0NTAzZnYuanBnP2ZpdGluPTcwMDo3MDA=,OTEyMDAuMDAwMA==,,vNLriiA+INeh1azUT4LkvNLriiA+IKS9pM7L+9eh1azUT4LkvNLrig==,pc6pYKXqpcQgyq/Tzb1vnKvG96G+T1gtQzQ1MDNGVqG/pails6XVpaOpYKXrIKW7pd/ZQZyryr0gvW+cq4yf08Mgzt3E2r7d1sPQziCYy5zKIKWqqWClyKW5pcilw6XXpMqkt6W/paSl1yCjs83ypa2l7Q==,yq/Tzb1vnKvG91xOT1JJVFpcvW+cq4yf08M=,PGJyPjxicj48Zm9udCBzaXplPSI0IiBjb2xvcj0iI0ZGMDAwMCI+PGI+T1gtQ0iMn9PDpM7FxZrdzbKkx6TOyqm5pKSssdjSqqTHpLmhozxicj6h+aXqpeKls6XzhGWJ06TqPGJyPqH5xcWa3aXIpcOl16GixcWa3c2ypM+EZYnTpOqkx6S5oaM8L2I+PC9mb250Pjxicj6jqIRlidPGt6OpubLNqKXqpeKls6XzIFJDLTMzMDJNKFQpPGJyPjxicj48aW1nIHNyYz0iaHR0cDovL2ltYWdlLnJha3V0ZW4uY28uanAvaWktc2FrdXJhL2NhYmluZXQvbm9iZS04L2hvc2h1LmpwZyI+PGJyPg==,pc6pYKXqpcQgyq/Tzb1vnKvG96G+T1gtQzQ1MDNGVqG/pails6XVpaOpYKXrIKW7pd/ZQZyryr0gvW+cq4yf08Mgzt3E2r7d1sPQziCYy5zKIKWqqWClyKW5pcilw6XXpMqkt6W/paSl1yCjs83ypa2l7aO6pKKkpKSipKSlt6XnpcOl16S1pK+k6Q==,pc6pYKXqpcQgyq/Tzb1vnKvG96G+T1gtQzQ1MDNGVqG/pails6XVpaOpYKXrIKW7pd/ZQZyryr0gvW+cq4yf08Mgzt3E2r7d1sPQziCYy5zKIKWqqWClyKW5pcilw6XXpMqkt6W/paSl1yCjs83ypa2l7Q==,yq/Tzb1vnKvG91xOT1JJVFpcvW+cq4yf08Oho6XOqWCl6qXEIMqv0829b5yrxvehvk9YLUM0NTAzRlahv6WopbOl1aWjqWCl6yClu6Xf2UGcq8q9IL1vnKuMn9PDIM7dxNq+3dbD0M4gmMucyiClqqlgpciluaXIpcOl16TKpLelv6Wkpdcgo7PN8qWtpe0=[rn]
11-15852,aHR0cDovL3RzaG9wLnIxMHMuanAvaWktc2FrdXJhL2NhYmluZXQvbW9yaXNoaW1hMS9vcWJjMzcwNHlyYy5qcGc/Zml0aW49NzAwOjcwMA==,ODUzMzcuNjAwMA==,,vNLriiA+INeh1azUT4LkvNLriiA+IKS9pM7L+9eh1azUT4LkvNLrig==,IyMjpc6pYKXqpcQgyq/Tzb1vnKvG96G+T1FCLUMzNzA0WS1SQ6G/pails6XVpaOpYKXrINaxiFLKvb1vnKuMn9PDICil6qXipbOl882sl3kpIMrc16LJ+q5i,yq/Tzb1vnKvG91xOT1JJVFpcvW+cq4yf08M=,PGZvbnQgc2l6ZT0iNCIgY29sb3I9IiNmZjAwZmYiPjxiPsrc16LJ+q5ixrc8L2I+KNSUpLekr6TPpKqGlqSkus+k76S7pK+kwKS1pKQpPC9mb250Pjxicj48YnI+Cjxmb250IHNpemU9IjQiIGNvbG9yPSIiPjxiPqH5pLOkwaTppM7JzMa3pM+ktMjrvfC0X9VK4eGkzqSqytbF5KTHpLmho7T60v2kraTHpM6kqsihpOqSUaSkpM+kx6StpN6ku6TzoaM8L2I+PC9mb250Pjxicj48YnI+ofnUocrSpeql4qWzpfM/y83TzbncpM+EZYnTpOqkx6S5oaM8YnI+CoRlidOk6tShytKl6qXipbOl8yBSQy1CMDA2Uzxicj4KhGWJ06Tqy83TzbncIKbVOKW7pcOlyDNNPGJyPgoKPGJyPjxicj48aW1nIHNyYz0iaHR0cDovL2ltYWdlLnJha3V0ZW4uY28uanAvaWktc2FrdXJhL2NhYmluZXQvbm9iZS04L2hvc2h1LmpwZyI+PGJyPg==,IyMjpc6pYKXqpcQgyq/Tzb1vnKvG96G+T1FCLUMzNzA0WS1SQ6G/pails6XVpaOpYKXrINaxiFLKvb1vnKuMn9PDICil6qXipbOl882sl3kpIMrc16LJ+q5io7qkoqSkpKKkpKW3peelw6XXpLWkr6Tp,IyMjpc6pYKXqpcQgyq/Tzb1vnKvG96G+T1FCLUMzNzA0WS1SQ6G/pails6XVpaOpYKXrINaxiFLKvb1vnKuMn9PDICil6qXipbOl882sl3kpIMrc16LJ+q5i,yq/Tzb1vnKvG91xOT1JJVFpcvW+cq4yf08OhoyMjI6XOqWCl6qXEIMqv0829b5yrxvehvk9RQi1DMzcwNFktUkOhv6WopbOl1aWjqWCl6yDWsYhSyr29b5yrjJ/TwyAopeql4qWzpfPNrJd5KSDK3NeiyfquYg==[rn]
11-15853,aHR0cDovL3RzaG9wLnIxMHMuanAvaWktc2FrdXJhL2NhYmluZXQva290b21pMS9veGNoNDUwM3l2LmpwZz9maXRpbj03MDA6NzAw,OTYwMDAuMDAwMA==,,vNLriiA+INeh1azUT4LkvNLriiA+IKS9pM7L+9eh1azUT4LkvNLrig==,pc6pYKXqpcQgyq/Tzb1vnKvG96G+T1gtQ0g0NTAzWVahv6WopbOl1aWjqWCl6yC434hSwabQzS+lu6Xf2UGcq8q9IL1vnKuMn9PDIM7dzeK+3dbD0M4gmMucyiClqqlgpciluaXIpcOl16TKpLelv6Wkpdc=,yq/Tzb1vnKvG91xOT1JJVFpcvW+cq4yf08M=,PGJyPjxicj48Zm9udCBzaXplPSI0IiBjb2xvcj0iI0ZGMDAwMCI+PGI+ofml6qXipbOl84RlidOk6jwvYj48L2ZvbnQ+PGJyPqOohGWJ08a3o6m5ss2opeql4qWzpfMgUkMtMzMwMk0oVCk8YnI+PGJyPjxpbWcgc3JjPSJodHRwOi8vaW1hZ2UucmFrdXRlbi5jby5qcC9paS1zYWt1cmEvY2FiaW5ldC9ub2JlLTgvaG9zaHUuanBnIj48YnI+,pc6pYKXqpcQgyq/Tzb1vnKvG96G+T1gtQ0g0NTAzWVahv6WopbOl1aWjqWCl6yC434hSwabQzS+lu6Xf2UGcq8q9IL1vnKuMn9PDIM7dzeK+3dbD0M4gmMucyiClqqlgpciluaXIpcOl16TKpLelv6WkpdejuqSipKSkoqSkpbel56XDpdektaSvpOk=,pc6pYKXqpcQgyq/Tzb1vnKvG96G+T1gtQ0g0NTAzWVahv6WopbOl1aWjqWCl6yC434hSwabQzS+lu6Xf2UGcq8q9IL1vnKuMn9PDIM7dzeK+3dbD0M4gmMucyiClqqlgpciluaXIpcOl16TKpLelv6Wkpdc=,yq/Tzb1vnKvG91xOT1JJVFpcvW+cq4yf08Oho6XOqWCl6qXEIMqv0829b5yrxvehvk9YLUNINDUwM1lWob+lqKWzpdWlo6lgpesguN+IUsGm0M0vpbul39lBnKvKvSC9b5yrjJ/TwyDO3c3ivt3Ww9DOIJjLnMogpaqpYKXIpbmlyKXDpdekyqS3pb+lpKXX[rn]
11-15854,aHR0cDovL3RzaG9wLnIxMHMuanAvaWktc2FrdXJhL2NhYmluZXQvMDExNDg4MDEvb3FiLWc0NzAydy1yMS5qcGc/Zml0aW49NzAwOjcwMA==,Njg1NDYuNDAwMA==,,vNLriiA+INeh1azUT4LkvNLriiA+IKS9pM7L+9eh1azUT4LkvNLrig==,IyMjpc6pYKXqpcTKr9PNpNWk7b1vnKuZQ6G+T1FCLUc0NzAyV6G/vW+cq4yf08MgNM3ypa2l7aW/paSl15jLnMqlv6WkpdcopaqpYKXIpbmlyKXDpdekyqS3KSDWsYhSyr3O3c3isdqS7NDNob5zbXRiLWahv8rc16LJ+q5i,oaE=,PGZvbnQgc2l6ZT0iNCIgY29sb3I9IiNmZjAwZmYiPjxiPsrc16LJ+q5ixrc8L2I+KNSUpLekr6TPpKqGlqSkus+k76S7pK+kwKS1pKQpPC9mb250Pjxicj48YnI+Cjxmb250IHNpemU9IjQiIGNvbG9yPSIiPjxiPqH5pLOkwaTppM7JzMa3pM+ktMjrvfC0X9VK4eGkzqSqytbF5KTHpLmho7T60v2kraTHpM6kqsihpOqSUaSkpM+kx6StpN6ku6TzoaM8L2I+PC9mb250Pjxicj48YnI+,IyMjpc6pYKXqpcTKr9PNpNWk7b1vnKuZQ6G+T1FCLUc0NzAyV6G/vW+cq4yf08MgNM3ypa2l7aW/paSl15jLnMqlv6WkpdcopaqpYKXIpbmlyKXDpdekyqS3KSDWsYhSyr3O3c3isdqS7NDNob5zbXRiLWahv8rc16LJ+q5io7qkoqSkpKKkpKW3peelw6XXpLWkr6Tp,IyMjpc6pYKXqpcTKr9PNpNWk7b1vnKuZQ6G+T1FCLUc0NzAyV6G/vW+cq4yf08MgNM3ypa2l7aW/paSl15jLnMqlv6WkpdcopaqpYKXIpbmlyKXDpdekyqS3KSDWsYhSyr3O3c3isdqS7NDNob5zbXRiLWahv8rc16LJ+q5i,oaGhoyMjI6XOqWCl6qXEyq/TzaTVpO29b5yrmUOhvk9RQi1HNDcwMlehv71vnKuMn9PDIDTN8qWtpe2lv6WkpdeYy5zKpb+lpKXXKKWqqWClyKW5pcilw6XXpMqktykg1rGIUsq9zt3N4rHakuzQzaG+c210Yi1mob/K3NeiyfquYg==[rn]
11-15855,aHR0cDovL3RzaG9wLnIxMHMuanAvaWktc2FrdXJhL2NhYmluZXQvc3V6dWtpa2FuYS0wMS9pbWdyYzAwNjI0MDc0MjQuanBnP2ZpdGluPTcwMDo3MDA=,NDcyMDAuMDAwMA==,,vNLriiA+INeh1azUT4LkvNLriiA+IKS9pM7L+9eh1azUT4LkvNLrig==,IyMjpc6pYKXqpcShocqv0829b5yrxvehvk9YLTMwN0ahv8yoy/ml6qXipbOl87i2oaG9b5yrjJ/Tw6W7pd/ZQZyryr0=,,PGJyPjxmb250IHNpemU9IjQiIGNvbG9yPSIiPjxiPqH5pLOkwaTppM7JzMa3pM+ktMjrvfC0X9VK4eGkzqSqytbF5KTHpLmho7T60v2kraTHpM6kqsihpOqSUaSkpM+kx6StpN6ku6TzoaM8L2I+PC9mb250Pjxicj48YnI+Cjxicj48YnI+PGltZyBzcmM9Imh0dHA6Ly9pbWFnZS5yYWt1dGVuLmNvLmpwL2lpLXNha3VyYS9jYWJpbmV0L25vYmUtOC9ob3NodS5qcGcgIj4=,IyMjpc6pYKXqpcShocqv0829b5yrxvehvk9YLTMwN0ahv8yoy/ml6qXipbOl87i2oaG9b5yrjJ/Tw6W7pd/ZQZyryr2juqSipKSkoqSkpbel56XDpdektaSvpOk=,IyMjpc6pYKXqpcShocqv0829b5yrxvehvk9YLTMwN0ahv8yoy/ml6qXipbOl87i2oaG9b5yrjJ/Tw6W7pd/ZQZyryr0=,IyMjpc6pYKXqpcShocqv0829b5yrxvehvk9YLTMwN0ahv8yoy/ml6qXipbOl87i2oaG9b5yrjJ/Tw6W7pd/ZQZyryr0=[rn]
11-15856,aHR0cDovL3RzaG9wLnIxMHMuanAvaWktc2FrdXJhL2NhYmluZXQva290b21pMS9tYng0NTAwLmpwZz9maXRpbj03MDA6NzAw,MTM5Mjc2LjAwMDA=,,vNLriiA+INeh1azUT4LkvNLriiA+IKS9pM7L+9eh1azUT4LkvNLrig==,IyMjpc6pYKXqpcQgyq/Tzb1vnKvG96G+TUJYLTQ1MDChv5hJhNXTw71vnKvG9yC9b5yrjJ/TwyDO3c3i08PpX7fF0M4vzt3E2tPDsOvD3Oldyr2PitbGxcWa3dDOIKW7pd/ZQZyryr0gNTIuM2tXpb+lpKXXIMrc16LJ+q5i,yq/Tzb1vnKvG91xOT1JJVFpcvW+cq4yf08M=,PGZvbnQgc2l6ZT0iNCIgY29sb3I9IiNmZjAwZmYiPjxiPsrc16LJ+q5ixrc8L2I+KNSUpLekr6TPpKqGlqSkus+k76S7pK+kwKS1pKQpPC9mb250Pjxicj48YnI+PGZvbnQgc2l6ZT0iNCIgY29sb3I9IiI+PGI+ofmks6TBpOmkzsnMxrekz6S0yOu98LRf1Urh4aTOpKrK1sXkpMekuaGjtPrS/aStpMekzqSqyKGk6pJRpKSkz6THpK2k3qS7pPOhozwvYj48L2ZvbnQ+PGJyPjxicj48YnI+PGZvbnQgc2l6ZT0iNCI+PGJyPqXqpeKls6XzpM+xvszl18XN0cq9PGJyPjwvZm9udD48YnI+PGJyPg==,IyMjpc6pYKXqpcQgyq/Tzb1vnKvG96G+TUJYLTQ1MDChv5hJhNXTw71vnKvG9yC9b5yrjJ/TwyDO3c3i08PpX7fF0M4vzt3E2tPDsOvD3Oldyr2PitbGxcWa3dDOIKW7pd/ZQZyryr0gNTIuM2tXpb+lpKXXIMrc16LJ+q5io7qkoqSkpKKkpKW3peelw6XXpLWkr6Tp,IyMjpc6pYKXqpcQgyq/Tzb1vnKvG96G+TUJYLTQ1MDChv5hJhNXTw71vnKvG9yC9b5yrjJ/TwyDO3c3i08PpX7fF0M4vzt3E2tPDsOvD3Oldyr2PitbGxcWa3dDOIKW7pd/ZQZyryr0gNTIuM2tXpb+lpKXXIMrc16LJ+q5i,yq/Tzb1vnKvG91xOT1JJVFpcvW+cq4yf08OhoyMjI6XOqWCl6qXEIMqv0829b5yrxvehvk1CWC00NTAwob+YSYTV08O9b5yrxvcgvW+cq4yf08Mgzt3N4tPD6V+3xdDOL87dxNrTw7Drw9zpXcq9j4rWxsXFmt3QziClu6Xf2UGcq8q9IDUyLjNrV6W/paSl1yDK3NeiyfquYg==[rn]
11-15857,aHR0cDovL3RzaG9wLnIxMHMuanAvaWktc2FrdXJhL2NhYmluZXQva290b21pMS9vcWJjNDcwNGZmcmMuanBnP2ZpdGluPTcwMDo3MDA=,MTEzMjE2LjAwMDA=,,vNLriiA+INeh1azUT4LkvNLriiA+IKS9pM7L+9eh1azUT4LkvNLrig==,pc6pYKXqpcQgyq/Tzb1vnKvG96G+T1FCLUM0NzA0RkYtUkOhv6WopbOl1aWjqWCl6yDWsYhSyr0gvW+cq4yf08Mgzt3E2r7d1sPQziCYy5zKIKWqqWClyKW5pcilw6XXpMqkt6W/paSl1yCjtM3ypa2l7Q==,yq/Tzb1vnKvG91xOT1JJVFpcvW+cq4yf08M=,PGJyPjxicj7MqMv5peql4qWzpfOkz7G+zOXXxc3Ryr08YnI+ptUxMDDFxZrdpcilw6XXpM/I67i2pMekuTxicj6h+de3vNOl6qXipbOl8yjUocrSpeql4qWzpfMppM+EZYnTpMekuaGjPGJyPgoohGWJ08a3KT/UocrSpeql4qWzpfMgUkMtQjAwNlM8YnI+P6W1pdal6qXipbOl8yBSQy04MDAxQTxicj4/1KHK0qW1pdal6qXipbOl81JDLTgwMDFCPGJyPjxicj48YnI+PGltZyBzcmM9Imh0dHA6Ly9pbWFnZS5yYWt1dGVuLmNvLmpwL2lpLXNha3VyYS9jYWJpbmV0L25vYmUtOC9ob3NodS5qcGciPjxicj4=,pc6pYKXqpcQgyq/Tzb1vnKvG96G+T1FCLUM0NzA0RkYtUkOhv6WopbOl1aWjqWCl6yDWsYhSyr0gvW+cq4yf08Mgzt3E2r7d1sPQziCYy5zKIKWqqWClyKW5pcilw6XXpMqkt6W/paSl1yCjtM3ypa2l7aO6pKKkpKSipKSlt6XnpcOl16S1pK+k6Q==,pc6pYKXqpcQgyq/Tzb1vnKvG96G+T1FCLUM0NzA0RkYtUkOhv6WopbOl1aWjqWCl6yDWsYhSyr0gvW+cq4yf08Mgzt3E2r7d1sPQziCYy5zKIKWqqWClyKW5pcilw6XXpMqkt6W/paSl1yCjtM3ypa2l7Q==,yq/Tzb1vnKvG91xOT1JJVFpcvW+cq4yf08Oho6XOqWCl6qXEIMqv0829b5yrxvehvk9RQi1DNDcwNEZGLVJDob+lqKWzpdWlo6lgpesg1rGIUsq9IL1vnKuMn9PDIM7dxNq+3dbD0M4gmMucyiClqqlgpciluaXIpcOl16TKpLelv6Wkpdcgo7TN8qWtpe0=[rn]
11-15858,aHR0cDovL3RzaG9wLnIxMHMuanAvaWktc2FrdXJhL2NhYmluZXQvMDExNDg4MDEvb3g0MDd5di1yMS5qcGc/Zml0aW49NzAwOjcwMA==,NTY4MDAuMDAwMA==,,vNLriiA+INeh1azUT4LkvNLriiA+IKS9pM7L+9eh1azUT4LkvNLrig==,IyMjpc6pYKXqpcShocqv0829b5yrxvehvk9YLTQwN1lWob/MqMv5peql4qWzpfO4tr1vnKuMn9PDpbul39lBnKvKvaG+c210Yi1mob8=,oaE=,PGJyPjxwPjxmb250IHNpemU9IjQiIGNvbG9yPSIiPjxiPqH5pLOkwaTppM7JzMa3pM+l4algpaupYNaxy83Gt6TIpMqk6qTepLmho6S0yOu98LRf1Urh4aTOpKrK1sXkpMekuaGjPC9iPjwvZm9udD48L3A+PGJyPgoKCjxicj48YnI+PGltZyBzcmM9Imh0dHA6Ly9pbWFnZS5yYWt1dGVuLmNvLmpwL2lpLXNha3VyYS9jYWJpbmV0L25vYmUtOC9ob3NodS5qcGcgIj4=,IyMjpc6pYKXqpcShocqv0829b5yrxvehvk9YLTQwN1lWob/MqMv5peql4qWzpfO4tr1vnKuMn9PDpbul39lBnKvKvaG+c210Yi1mob+juqSipKSkoqSkpbel56XDpdektaSvpOk=,IyMjpc6pYKXqpcShocqv0829b5yrxvehvk9YLTQwN1lWob/MqMv5peql4qWzpfO4tr1vnKuMn9PDpbul39lBnKvKvaG+c210Yi1mob8=,oaGhoyMjI6XOqWCl6qXEoaHKr9PNvW+cq8b3ob5PWC00MDdZVqG/zKjL+aXqpeKls6XzuLa9b5yrjJ/Tw6W7pd/ZQZyryr2hvnNtdGItZqG/[rn]
11-15859,aHR0cDovL3RzaG9wLnIxMHMuanAvaWktc2FrdXJhL2NhYmluZXQva290b21pMS9tYng5MDAwLmpwZz9maXRpbj03MDA6NzAw,MzEwNjkzLjYwMDA=,,vNLriiA+INeh1azUT4LkvNLriiA+IKS9pM7L+9eh1azUT4LkvNLrig==,IyMjpc6pYKXqpcQgyq/Tzb1vnKvG96G+TUJYLTkwMDChv5hJhNXTw71vnKvG9yC9b5yrjJ/TwyDO3cTa08Ow68Pc6V3KvY+K1sbFxZrd0M4g2UGcq8q9IDEwNS4wa1elv6WkpdcgytzXosn6rmI=,yq/Tzb1vnKvG91xOT1JJVFpcvW+cq4yf08M=,PGZvbnQgc2l6ZT0iNCIgY29sb3I9IiNmZjAwZmYiPjxiPsrc16LJ+q5ixrc8L2I+KNSUpLekr6TPpKqGlqSkus+k76S7pK+kwKS1pKQpPC9mb250Pjxicj48YnI+PGZvbnQgc2l6ZT0iNCIgY29sb3I9IiI+PGI+ofmks6TBpOmkzsnMxrekz6S0yOu98LRf1Urh4aTOpKrK1sXkpMekuaGjtPrS/aStpMekzqSqyKGk6pJRpKSkz6THpK2k3qS7pPOhozwvYj48L2ZvbnQ+PGJyPjxicj48YnI+PGZvbnQgc2l6ZT0iNCI+PGJyPqXqpeKls6XzpM+xvszl18XN0cq9PGJyPjwvZm9udD48YnI+PGJyPg==,IyMjpc6pYKXqpcQgyq/Tzb1vnKvG96G+TUJYLTkwMDChv5hJhNXTw71vnKvG9yC9b5yrjJ/TwyDO3cTa08Ow68Pc6V3KvY+K1sbFxZrd0M4g2UGcq8q9IDEwNS4wa1elv6WkpdcgytzXosn6rmKjuqSipKSkoqSkpbel56XDpdektaSvpOk=,IyMjpc6pYKXqpcQgyq/Tzb1vnKvG96G+TUJYLTkwMDChv5hJhNXTw71vnKvG9yC9b5yrjJ/TwyDO3cTa08Ow68Pc6V3KvY+K1sbFxZrd0M4g2UGcq8q9IDEwNS4wa1elv6WkpdcgytzXosn6rmI=,yq/Tzb1vnKvG91xOT1JJVFpcvW+cq4yf08OhoyMjI6XOqWCl6qXEIMqv0829b5yrxvehvk1CWC05MDAwob+YSYTV08O9b5yrxvcgvW+cq4yf08Mgzt3E2tPDsOvD3Oldyr2PitbGxcWa3dDOINlBnKvKvSAxMDUuMGtXpb+lpKXXIMrc16LJ+q5i[rn]
11-15860,aHR0cDovL3RzaG9wLnIxMHMuanAvaWktc2FrdXJhL2NhYmluZXQvMDExNDg4MDEvb3g0MDh5c3YtcjEuanBnP2ZpdGluPTcwMDo3MDA=,NTk5MjAuMDAwMA==,,vNLriiA+INeh1azUT4LkvNLriiA+IKS9pM7L+9eh1azUT4LkvNLrig==,pc6pYKXqpcShocqv0829b5yrxvehvk9YLTQwOFlTVqG/zKjL+aXqpeKls6XzuLa9b5yrjJ/Tw6W7pd/ZQZyryr2hvnNtdGItZqG/,oaE=,PGJyPjxicj48aW1nIHNyYz0iaHR0cDovL2ltYWdlLnJha3V0ZW4uY28uanAvaWktc2FrdXJhL2NhYmluZXQvbm9iZS04L2hvc2h1LmpwZyAiPg==,pc6pYKXqpcShocqv0829b5yrxvehvk9YLTQwOFlTVqG/zKjL+aXqpeKls6XzuLa9b5yrjJ/Tw6W7pd/ZQZyryr2hvnNtdGItZqG/o7qkoqSkpKKkpKW3peelw6XXpLWkr6Tp,pc6pYKXqpcShocqv0829b5yrxvehvk9YLTQwOFlTVqG/zKjL+aXqpeKls6XzuLa9b5yrjJ/Tw6W7pd/ZQZyryr2hvnNtdGItZqG/,oaGho6XOqWCl6qXEoaHKr9PNvW+cq8b3ob5PWC00MDhZU1ahv8yoy/ml6qXipbOl87i2vW+cq4yf08Olu6Xf2UGcq8q9ob5zbXRiLWahvw==[rn]
11-15861,aHR0cDovL3RzaG9wLnIxMHMuanAvaWktc2FrdXJhL2NhYmluZXQvc2FrdXJhemFpa28uanBnP2ZpdGluPTcwMDo3MDA=,NTIwMDAuMDAwMA==,,vNLriiA+INeh1azUT4LkvNLriiA+IKS9pM7L+9eh1azUT4LkvNLrig==,IyMjIKXOqWCl6qXEoaHKr9PNvW+cq8b3ob5PWC00MDdGob/MqMv5peql4qWzpfO4tr1vnKuMn9PDpbul39lBnKvKvQ==,oaE=,PGJyPjxicj48aW1nIHNyYz0iaHR0cDovL2ltYWdlLnJha3V0ZW4uY28uanAvaWktc2FrdXJhL2NhYmluZXQvbm9iZS04L2hvc2h1LmpwZyAiPg==,IyMjIKXOqWCl6qXEoaHKr9PNvW+cq8b3ob5PWC00MDdGob/MqMv5peql4qWzpfO4tr1vnKuMn9PDpbul39lBnKvKvaO6pKKkpKSipKSlt6XnpcOl16S1pK+k6Q==,IyMjIKXOqWCl6qXEoaHKr9PNvW+cq8b3ob5PWC00MDdGob/MqMv5peql4qWzpfO4tr1vnKuMn9PDpbul39lBnKvKvQ==,oaGhoyMjIyClzqlgpeqlxKGhyq/Tzb1vnKvG96G+T1gtNDA3RqG/zKjL+aXqpeKls6XzuLa9b5yrjJ/Tw6W7pd/ZQZyryr0=[rn]
11-15862,aHR0cDovL3RzaG9wLnIxMHMuanAvaWktc2FrdXJhL2NhYmluZXQvMDExNDg4MDEvb3g0MDdmZi1yMS5qcGc/Zml0aW49NzAwOjcwMA==,NTI4MDAuMDAwMA==,,vNLriiA+INeh1azUT4LkvNLriiA+IKS9pM7L+9eh1azUT4LkvNLrig==,IyMjIKXOqWCl6qXEoaHKr9PNvW+cq8b3ob5PWC00MDdGRqG/zKjL+aXqpeKls6XzuLa9b5yrjJ/Tw6W7pd/ZQZyryr2hvnNtdGItZqG/,oaE=,PGJyPjxicj48aW1nIHNyYz0iaHR0cDovL2ltYWdlLnJha3V0ZW4uY28uanAvaWktc2FrdXJhL2NhYmluZXQvbm9iZS04L2hvc2h1LmpwZyAiPg==,IyMjIKXOqWCl6qXEoaHKr9PNvW+cq8b3ob5PWC00MDdGRqG/zKjL+aXqpeKls6XzuLa9b5yrjJ/Tw6W7pd/ZQZyryr2hvnNtdGItZqG/o7qkoqSkpKKkpKW3peelw6XXpLWkr6Tp,IyMjIKXOqWCl6qXEoaHKr9PNvW+cq8b3ob5PWC00MDdGRqG/zKjL+aXqpeKls6XzuLa9b5yrjJ/Tw6W7pd/ZQZyryr2hvnNtdGItZqG/,oaGhoyMjIyClzqlgpeqlxKGhyq/Tzb1vnKvG96G+T1gtNDA3Rkahv8yoy/ml6qXipbOl87i2vW+cq4yf08Olu6Xf2UGcq8q9ob5zbXRiLWahvw==[rn]
11-15863,aHR0cDovL3RzaG9wLnIxMHMuanAvaWktc2FrdXJhL2NhYmluZXQva290b21pMS9vdHhjaDQ1MDJzYXlzbXYuanBnP2ZpdGluPTcwMDo3MDA=,MTQzODQwLjAwMDA=,,vNLriiA+INeh1azUT4LkvNLriiA+IKS9pM7L+9eh1azUT4LkvNLrig==,pc6pYKXqpcQgyq/Tzb1vnKvG96G+T1RYLUNINDUwMlNBWVNNVqG/pails6XVpaOpYKXrILjfiFLBptDNL6W7pd/ZQZyryr0gvW+cq6Or17ekpKTApK0gzt3N4r7d1sPQziClqqlgpcilv6Wkpdc=,yq/Tzb1vnKvG91xOT1JJVFpcvW+cq4yf08M=,PGJyPjxicj48Zm9udCBzaXplPSI0IiBjb2xvcj0iI0ZGMDAwMCI+PGI+ofml6qXipbOl84RlidOk6jwvYj48L2ZvbnQ+PGJyPqOohGWJ08a3o6m5ss2opeql4qWzpfMgUkMtMzMwMaXepeulwaW7pcOlyKGhPGJyPjxicj48aW1nIHNyYz0iaHR0cDovL2ltYWdlLnJha3V0ZW4uY28uanAvaWktc2FrdXJhL2NhYmluZXQvbm9iZS04L2hvc2h1LmpwZyI+PGJyPg==,pc6pYKXqpcQgyq/Tzb1vnKvG96G+T1RYLUNINDUwMlNBWVNNVqG/pails6XVpaOpYKXrILjfiFLBptDNL6W7pd/ZQZyryr0gvW+cq6Or17ekpKTApK0gzt3N4r7d1sPQziClqqlgpcilv6WkpdejuqSipKSkoqSkpbel56XDpdektaSvpOk=,pc6pYKXqpcQgyq/Tzb1vnKvG96G+T1RYLUNINDUwMlNBWVNNVqG/pails6XVpaOpYKXrILjfiFLBptDNL6W7pd/ZQZyryr0gvW+cq6Or17ekpKTApK0gzt3N4r7d1sPQziClqqlgpcilv6Wkpdc=,yq/Tzb1vnKvG91xOT1JJVFpcvW+cq4yf08Oho6XOqWCl6qXEIMqv0829b5yrxvehvk9UWC1DSDQ1MDJTQVlTTVahv6WopbOl1aWjqWCl6yC434hSwabQzS+lu6Xf2UGcq8q9IL1vnKujq9e3pKSkwKStIM7dzeK+3dbD0M4gpaqpYKXIpb+lpKXX[rn]
11-15864,aHR0cDovL3RzaG9wLnIxMHMuanAvaWktc2FrdXJhL2NhYmluZXQvMDExMDA4MTIvb3gtMzA3ZnYtcjEuanBnP2ZpdGluPTcwMDo3MDA=,NTIwMDAuMDAwMA==,,vNLriiA+INeh1azUT4LkvNLriiA+IKS9pM7L+9eh1azUT4LkvNLrig==,pc6pYKXqpcShocqv0829b5yrxvehvk9YLTMwN0ZWob+hvk9YMzA3Rlahv8yoy/ml6qXipbOl87i2oaG9b5yrjJ/Tw6W7pd/ZQZyryr0=,,PGJyPjxicj48aW1nIHNyYz0iaHR0cDovL2ltYWdlLnJha3V0ZW4uY28uanAvaWktc2FrdXJhL2NhYmluZXQvbm9iZS04L2hvc2h1LmpwZyAiPg==,pc6pYKXqpcShocqv0829b5yrxvehvk9YLTMwN0ZWob+hvk9YMzA3Rlahv8yoy/ml6qXipbOl87i2oaG9b5yrjJ/Tw6W7pd/ZQZyryr2juqSipKSkoqSkpbel56XDpdektaSvpOk=,pc6pYKXqpcShocqv0829b5yrxvehvk9YLTMwN0ZWob+hvk9YMzA3Rlahv8yoy/ml6qXipbOl87i2oaG9b5yrjJ/Tw6W7pd/ZQZyryr0=,pc6pYKXqpcShocqv0829b5yrxvehvk9YLTMwN0ZWob+hvk9YMzA3Rlahv8yoy/ml6qXipbOl87i2oaG9b5yrjJ/Tw6W7pd/ZQZyryr0=[rn]
11-15865,aHR0cDovL3RzaG9wLnIxMHMuanAvaWktc2FrdXJhL2NhYmluZXQvbW9yaXNoaW1hMS9vcWJjMzcwNHlzcmMuanBnP2ZpdGluPTcwMDo3MDA=,OTA3MTYuMDAwMA==,,vNLriiA+INeh1azUT4LkvNLriiA+IKS9pM7L+9eh1azUT4LkvNLrig==,pc6pYKXqpcQgyq/Tzb1vnKvG96G+T1FCLUMzNzA0WVMtUkOhv6WopbOl1aWjqWCl6yDWsYhSyr29b5yrjJ/TwyAopeql4qWzpfPNrJd5KQ==,yq/Tzb1vnKvG91xOT1JJVFpcvW+cq4yf08M=,ofnUocrSpeql4qWzpfM/y83TzbncpM+EZYnTpOqkx6S5oaM8YnI+CoRlidOk6tShytKl6qXipbOl8yBSQy1CMDA2Uzxicj4KhGWJ06Tqy83TzbncIKbVOKW7pcOlyDNNPGJyPgoKPGJyPjxicj48aW1nIHNyYz0iaHR0cDovL2ltYWdlLnJha3V0ZW4uY28uanAvaWktc2FrdXJhL2NhYmluZXQvbm9iZS04L2hvc2h1LmpwZyI+PGJyPg==,pc6pYKXqpcQgyq/Tzb1vnKvG96G+T1FCLUMzNzA0WVMtUkOhv6WopbOl1aWjqWCl6yDWsYhSyr29b5yrjJ/TwyAopeql4qWzpfPNrJd5KaO6pKKkpKSipKSlt6XnpcOl16S1pK+k6Q==,pc6pYKXqpcQgyq/Tzb1vnKvG96G+T1FCLUMzNzA0WVMtUkOhv6WopbOl1aWjqWCl6yDWsYhSyr29b5yrjJ/TwyAopeql4qWzpfPNrJd5KQ==,yq/Tzb1vnKvG91xOT1JJVFpcvW+cq4yf08Oho6XOqWCl6qXEIMqv0829b5yrxvehvk9RQi1DMzcwNFlTLVJDob+lqKWzpdWlo6lgpesg1rGIUsq9vW+cq4yf08MgKKXqpeKls6XzzayXeSk=[rn]
11-15866,aHR0cDovL3RzaG9wLnIxMHMuanAvaWktc2FrdXJhL2NhYmluZXQvMDExNjk2NjAvZXJoaHA0NGEtcjEuanBnP2ZpdGluPTcwMDo3MDA=,Mzk5MTIuODAwMA==,,vNLriiA+INeh1azUT4LkvNLriiA+IKS9pM7L+9eh1azUT4LkvNLrig==,pbOl7aXKzsLLrqXrqWCl4KXSqWClv6lgIMrSxNql5qXLpcOlyKG+RVJILUhQNDRBob+l0aXvpdWl66W/paSl1w==,b25zdWloaXRhLWNvcm9uYS00LXU=,PGJyPgqh+aSzpMGk6aTOyczGt6TOpN+kx6TPxvCE06S3pN6ku6TzoaM8YnI+CqGhytLN4plDtcikrIRlzb6x2NKqpMekuaGjPGJyPg==,pbOl7aXKzsLLrqXrqWCl4KXSqWClv6lgIMrSxNql5qXLpcOlyKG+RVJILUhQNDRBob+l0aXvpdWl66W/paSl16O6pKKkpKSipKSlt6XnpcOl16S1pK+k6Q==,pbOl7aXKzsLLrqXrqWCl4KXSqWClv6lgIMrSxNql5qXLpcOlyKG+RVJILUhQNDRBob+l0aXvpdWl66W/paSl1w==,b25zdWloaXRhLWNvcm9uYS00LXWho6Wzpe2lys7Cy66l66lgpeCl0qlgpb+pYCDK0sTapealy6XDpcihvkVSSC1IUDQ0QaG/pdGl76XVpeulv6Wkpdc=[rn]
11-15867,,MzExMDM3LjYwMDA=,,vNLriiA+INeh1azUT4LkvNLriiA+IKS9pM7L+9eh1azUT4LkvNLrig==,IyOls6XtpcqhoaWopbPFr6W3pbmlxqXgIMWvt7+lt6W5pcal4KG+RVJCLVM4N0FNob/D3Oldyr3F5LncpbeluaXGpeA=,zsLLrqXrqWCl4KXSqWClv6lgXMrSxNqZQz/K0s3imUM=,ofmks6TBpOmkzsnMxrekz6S0yOu98LRf1Urh4aTOpKrK1sXkpMekuaGjpeGpYKWrqWDWscvNxrekyKTKpOqk3qS5oaM8YnI+CqHxg/a9WbfA1rml0qlgpb+pYJjLnMq07t1kPGJyPg==,IyOls6XtpcqhoaWopbPFr6W3pbmlxqXgIMWvt7+lt6W5pcal4KG+RVJCLVM4N0FNob/D3Oldyr3F5LncpbeluaXGpeCjuqSipKSkoqSkpbel56XDpdektaSvpOk=,IyOls6XtpcqhoaWopbPFr6W3pbmlxqXgIMWvt7+lt6W5pcal4KG+RVJCLVM4N0FNob/D3Oldyr3F5LncpbeluaXGpeA=,zsLLrqXrqWCl4KXSqWClv6lgXMrSxNqZQz/K0s3imUOhoyMjpbOl7aXKoaGlqKWzxa+lt6W5pcal4CDFr7e/pbeluaXGpeChvkVSQi1TODdBTaG/w9zpXcq9xeS53KW3pbmlxqXg[rn]
11-15868,aHR0cDovL3RzaG9wLnIxMHMuanAvaWktc2FrdXJhL2NhYmluZXQvYXlha2ExMi9lcnMtYzg3YW0uanBnP2ZpdGluPTcwMDo3MDA=,Mzk5MTY1LjYwMDA=,,vNLriiA+INeh1azUT4LkvNLriiA+IKS9pM7L+9eh1azUT4LkvNLrig==,IyOls6XtpcqhocDkxa+3v6W3pbmlxqXgpails8Wvpa+pYKXrob5FUlMtQzg3QU2hv8Pc6V3KvcXkudylt6W5pcal4CDA5MWvt7+VcqSqpOKkyzE4rpLTww==,zsLLrqXrqWCl4KXSqWClv6lgXMrSxNqZQz/K0s3imUM=,ofmks6TBpOmkzsnMxrekz6S0yOu98LRf1Urh4aTOpKrK1sXkpMekuaGjpeGpYKWrqWDWscvNxrekyKTKpOqk3qS5oaM8YnI+CqHxg/a9WbfA1rml0qlgpb+pYJjLnMq07t1kPGJyPg==,IyOls6XtpcqhocDkxa+3v6W3pbmlxqXgpails8Wvpa+pYKXrob5FUlMtQzg3QU2hv8Pc6V3KvcXkudylt6W5pcal4CDA5MWvt7+VcqSqpOKkyzE4rpLTw6O6pKKkpKSipKSlt6XnpcOl16S1pK+k6Q==,IyOls6XtpcqhocDkxa+3v6W3pbmlxqXgpails8Wvpa+pYKXrob5FUlMtQzg3QU2hv8Pc6V3KvcXkudylt6W5pcal4CDA5MWvt7+VcqSqpOKkyzE4rpLTww==,zsLLrqXrqWCl4KXSqWClv6lgXMrSxNqZQz/K0s3imUOhoyMjpbOl7aXKoaHA5MWvt7+lt6W5pcal4KWopbPFr6WvqWCl66G+RVJTLUM4N0FNob/D3Oldyr3F5LncpbeluaXGpeAgwOTFr7e/lXKkqqTipMsxOK6S08M=[rn]
11-15869,aHR0cDovL3RzaG9wLnIxMHMuanAvaWktc2FrdXJhL2NhYmluZXQvMDExNjk2NjAvY2hwZTEtcjEuanBnP2ZpdGluPTcwMDo3MDA=,NzI0LjgwMDA=,,vNLriiA+INeh1azUT4LkvNLriiA+IKS9pM7L+9eh1azUT4LkvNLrig==,pbOl7aXKzsLLrqXrqWCl4KXSqWClv6lgsr+yxKG+Q0hQLUUxob+loqlgpbmw9A==,b25zdWloaXRhLWNvcm9uYS01MS11,PGJyPjxicj48YnI+,pbOl7aXKzsLLrqXrqWCl4KXSqWClv6lgsr+yxKG+Q0hQLUUxob+loqlgpbmw9KO6pKKkpKSipKSlt6XnpcOl16S1pK+k6Q==,pbOl7aXKzsLLrqXrqWCl4KXSqWClv6lgsr+yxKG+Q0hQLUUxob+loqlgpbmw9A==,b25zdWloaXRhLWNvcm9uYS01MS11oaOls6XtpcrOwsuupeupYKXgpdKpYKW/qWCyv7LEob5DSFAtRTGhv6WiqWClubD0[rn]
11-15870,aHR0cDovL3RzaG9wLnIxMHMuanAvaWktc2FrdXJhL2NhYmluZXQvMDExNjk2NjAvdXNhZzItcjEuanBnP2ZpdGluPTcwMDo3MDA=,ODAuMDAwMA==,,vNLriiA+INeh1azUT4LkvNLriiA+IKS9pM7L+9eh1azUT4LkvNLrig==,pbOl7aXKzsLLrqXrqWCl4KXSqWClv6lgsr+yxKG+VVNBLUcyob9MLUNIpa+l6qXDpdc=,b25zdWloaXRhLWNvcm9uYS0zMC11,PGJyPjxicj48YnI+,pbOl7aXKzsLLrqXrqWCl4KXSqWClv6lgsr+yxKG+VVNBLUcyob9MLUNIpa+l6qXDpdejuqSipKSkoqSkpbel56XDpdektaSvpOk=,pbOl7aXKzsLLrqXrqWCl4KXSqWClv6lgsr+yxKG+VVNBLUcyob9MLUNIpa+l6qXDpdc=,b25zdWloaXRhLWNvcm9uYS0zMC11oaOls6XtpcrOwsuupeupYKXgpdKpYKW/qWCyv7LEob5VU0EtRzKhv0wtQ0ilr6XqpcOl1w==[rn]
11-15871,aHR0cDovL3RzaG9wLnIxMHMuanAvaWktc2FrdXJhL2NhYmluZXQvMDExNjk2NjAvdXNhcGU0LXIxLmpwZz9maXRpbj03MDA6NzAw,NDczLjYwMDA=,,vNLriiA+INeh1azUT4LkvNLriiA+IKS9pM7L+9eh1azUT4LkvNLrig==,pbOl7aXKzsLLrqXrqWCl4KXSqWClv6lgsr+yxKG+VVNBLVBFNKG/Q0iluKXnpaSl86XIMTA=,b25zdWloaXRhLWNvcm9uYS0yOC11,PGJyPjxicj48YnI+,pbOl7aXKzsLLrqXrqWCl4KXSqWClv6lgsr+yxKG+VVNBLVBFNKG/Q0iluKXnpaSl86XIMTCjuqSipKSkoqSkpbel56XDpdektaSvpOk=,pbOl7aXKzsLLrqXrqWCl4KXSqWClv6lgsr+yxKG+VVNBLVBFNKG/Q0iluKXnpaSl86XIMTA=,b25zdWloaXRhLWNvcm9uYS0yOC11oaOls6XtpcrOwsuupeupYKXgpdKpYKW/qWCyv7LEob5VU0EtUEU0ob9DSKW4peelpKXzpcgxMA==[rn]
11-15872,aHR0cDovL3RzaG9wLnIxMHMuanAvaWktc2FrdXJhL2NhYmluZXQvYXlha2ExMi9lcnMtYzg3YWguanBnP2ZpdGluPTcwMDo3MDA=,Mzg4Nzk3LjYwMDA=,,vNLriiA+INeh1azUT4LkvNLriiA+IKS9pM7L+9eh1azUT4LkvNLrig==,IyOls6XtpcqhocDkxa+3v6W3pbmlxqXgpails8Wvpa+pYKXrob5FUlMtQzg3QUihv7Drw9zpXcq9xeS53KW3pbmlxqXgIMDkxa+3v5VypKqk4qTLMTiuktPD,zsLLrqXrqWCl4KXSqWClv6lgXMrSxNqZQz/K0s3imUM=,ofmks6TBpOmkzsnMxrekz6S0yOu98LRf1Urh4aTOpKrK1sXkpMekuaGjpeGpYKWrqWDWscvNxrekyKTKpOqk3qS5oaM8YnI+CqHxg/a9WbfA1rml0qlgpb+pYJjLnMq07t1kPGJyPg==,IyOls6XtpcqhocDkxa+3v6W3pbmlxqXgpails8Wvpa+pYKXrob5FUlMtQzg3QUihv7Drw9zpXcq9xeS53KW3pbmlxqXgIMDkxa+3v5VypKqk4qTLMTiuktPDo7qkoqSkpKKkpKW3peelw6XXpLWkr6Tp,IyOls6XtpcqhocDkxa+3v6W3pbmlxqXgpails8Wvpa+pYKXrob5FUlMtQzg3QUihv7Drw9zpXcq9xeS53KW3pbmlxqXgIMDkxa+3v5VypKqk4qTLMTiuktPD,zsLLrqXrqWCl4KXSqWClv6lgXMrSxNqZQz/K0s3imUOhoyMjpbOl7aXKoaHA5MWvt7+lt6W5pcal4KWopbPFr6WvqWCl66G+RVJTLUM4N0FIob+w68Pc6V3KvcXkudylt6W5pcal4CDA5MWvt7+VcqSqpOKkyzE4rpLTww==[rn]
11-15873,aHR0cDovL3RzaG9wLnIxMHMuanAvaWktc2FrdXJhL2NhYmluZXQvMDExNjk2NjAvZXJiaHA2N2FyLXIxLmpwZz9maXRpbj03MDA6NzAw,MjIxODcxLjIwMDA=,,vNLriiA+INeh1azUT4LkvNLriiA+IKS9pM7L+9eh1azUT4LkvNLrig==,pbOl7aXKzsLLrqXrqWCl4KXSqWClv6lgIMrSzeKl5qXLpcOlyKG+RVJCLUhQNjdBUqG/pdKpYKXIpd2l86XXyr0=,b25zdWloaXRhLWNvcm9uYS02LXU=,PGJyPgqh+aSzpMGk6aTOyczGt6TOpN+kx6TPxvCE06S3pN6ku6TzoaM8YnI+CqGhytLE2plDtcikrIRlzb6x2NKqpMekuaGjPGJyPg==,pbOl7aXKzsLLrqXrqWCl4KXSqWClv6lgIMrSzeKl5qXLpcOlyKG+RVJCLUhQNjdBUqG/pdKpYKXIpd2l86XXyr2juqSipKSkoqSkpbel56XDpdektaSvpOk=,pbOl7aXKzsLLrqXrqWCl4KXSqWClv6lgIMrSzeKl5qXLpcOlyKG+RVJCLUhQNjdBUqG/pdKpYKXIpd2l86XXyr0=,b25zdWloaXRhLWNvcm9uYS02LXWho6Wzpe2lys7Cy66l66lgpeCl0qlgpb+pYCDK0s3ipealy6XDpcihvkVSQi1IUDY3QVKhv6XSqWClyKXdpfOl18q9[rn]
11-15874,,MzAwNjY5LjYwMDA=,,vNLriiA+INeh1azUT4LkvNLriiA+IKS9pM7L+9eh1azUT4LkvNLrig==,IyOls6XtpcqhoaWopbPFr6W3pbmlxqXgIMWvt7+lt6W5pcal4KG+RVJCLVM4N0FIob+w68Pc6V3KvcXkudylt6W5pcal4A==,zsLLrqXrqWCl4KXSqWClv6lgXMrSxNqZQz/K0s3imUM=,ofmks6TBpOmkzsnMxrekz6S0yOu98LRf1Urh4aTOpKrK1sXkpMekuaGjpeGpYKWrqWDWscvNxrekyKTKpOqk3qS5oaM8YnI+CqHxg/a9WbfA1rml0qlgpb+pYJjLnMq07t1kPGJyPg==,IyOls6XtpcqhoaWopbPFr6W3pbmlxqXgIMWvt7+lt6W5pcal4KG+RVJCLVM4N0FIob+w68Pc6V3KvcXkudylt6W5pcal4KO6pKKkpKSipKSlt6XnpcOl16S1pK+k6Q==,IyOls6XtpcqhoaWopbPFr6W3pbmlxqXgIMWvt7+lt6W5pcal4KG+RVJCLVM4N0FIob+w68Pc6V3KvcXkudylt6W5pcal4A==,zsLLrqXrqWCl4KXSqWClv6lgXMrSxNqZQz/K0s3imUOhoyMjpbOl7aXKoaGlqKWzxa+lt6W5pcal4CDFr7e/pbeluaXGpeChvkVSQi1TODdBSKG/sOvD3Oldyr3F5LncpbeluaXGpeA=[rn]
11-15875,aHR0cDovL3RzaG9wLnIxMHMuanAvaWktc2FrdXJhL2NhYmluZXQvMDExNjk2NjAvdXNhMzktcjEuanBnP2ZpdGluPTcwMDo3MDA=,MjA3MzAuNDAwMA==,,vNLriiA+INeh1azUT4LkvNLriiA+IKS9pM7L+9eh1azUT4LkvNLrig==,pbOl7aXKzsLLrqXrqWCl4KXSqWClv6lgsr+yxKG+VVNBLTM5ob/F5Lnc08Olt6XzpbCl66XBpeWpYKXW,b25zdWloaXRhLWNvcm9uYS00NC11,PGJyPjxicj48YnI+,pbOl7aXKzsLLrqXrqWCl4KXSqWClv6lgsr+yxKG+VVNBLTM5ob/F5Lnc08Olt6XzpbCl66XBpeWpYKXWo7qkoqSkpKKkpKW3peelw6XXpLWkr6Tp,pbOl7aXKzsLLrqXrqWCl4KXSqWClv6lgsr+yxKG+VVNBLTM5ob/F5Lnc08Olt6XzpbCl66XBpeWpYKXW,b25zdWloaXRhLWNvcm9uYS00NC11oaOls6XtpcrOwsuupeupYKXgpdKpYKW/qWCyv7LEob5VU0EtMzmhv8XkudzTw6W3pfOlsKXrpcGl5algpdY=[rn]
11-15876,aHR0cDovL3RzaG9wLnIxMHMuanAvaWktc2FrdXJhL2NhYmluZXQvMDExNjk2NjAvY3JiMTEwLXIxLmpwZz9maXRpbj03MDA6NzAw,MTUyMDAuODAwMA==,,vNLriiA+INeh1azUT4LkvNLriiA+IKS9pM7L+9eh1azUT4LkvNLrig==,pbOl7aXKzsLLrqXrqWCl4KXSqWClv6lgsr+yxKG+Q1JCLTEtMTChv8rSzeLOwsuuxeS53CAxMG0=,b25zdWloaXRhLWNvcm9uYS0zOS11,PGJyPjxicj48YnI+,pbOl7aXKzsLLrqXrqWCl4KXSqWClv6lgsr+yxKG+Q1JCLTEtMTChv8rSzeLOwsuuxeS53CAxMG2juqSipKSkoqSkpbel56XDpdektaSvpOk=,pbOl7aXKzsLLrqXrqWCl4KXSqWClv6lgsr+yxKG+Q1JCLTEtMTChv8rSzeLOwsuuxeS53CAxMG0=,b25zdWloaXRhLWNvcm9uYS0zOS11oaOls6XtpcrOwsuupeupYKXgpdKpYKW/qWCyv7LEob5DUkItMS0xMKG/ytLN4s7Cy67F5LncIDEwbQ==[rn]
11-15877,aHR0cDovL3RzaG9wLnIxMHMuanAvaWktc2FrdXJhL2NhYmluZXQveW91a2kxMC9wYW5hMjAxNzAyMDgtcS5qcGc/Zml0aW49NzAwOjcwMA==,NzQwLjAwMDA=,,vNLriiA+INeh1azUT4LkvNLriiA+IKS9pM7L+9eh1azUT4LkvNLrig==,pdGlyqW9pculw6Wvob5FRzMzNaG/pcGl46WkpeDTw9G64kAope+lpKXJKQ==,,,pdGlyqW9pculw6Wvob5FRzMzNaG/pcGl46WkpeDTw9G64kAope+lpKXJKaO6pKKkpKSipKSlt6XnpcOl16S1pK+k6Q==,pdGlyqW9pculw6Wvob5FRzMzNaG/pcGl46WkpeDTw9G64kAope+lpKXJKQ==,pdGlyqW9pculw6Wvob5FRzMzNaG/pcGl46WkpeDTw9G64kAope+lpKXJKQ==[rn]
11-15878,aHR0cDovL3RzaG9wLnIxMHMuanAvaWktc2FrdXJhL2NhYmluZXQvMDExNjk2NjAvdmxjbWExMC1yMS5qcGc/Zml0aW49NzAwOjcwMA==,MTMwNC4wMDAw,,vNLriiA+INeh1azUT4LkvNLriiA+IKS9pM7L+9eh1azUT4LkvNLrig==,UGFuYXNvbmljob5WTC1DTUExMKG/KFZMLUNNMjEw08OluaW/pfOlySk=,oaE=,VkwtQ00yMTDTw6W5pb+l86XJPGJyPjxicj4=,UGFuYXNvbmljob5WTC1DTUExMKG/KFZMLUNNMjEw08OluaW/pfOlySmjuqSipKSkoqSkpbel56XDpdektaSvpOk=,UGFuYXNvbmljob5WTC1DTUExMKG/KFZMLUNNMjEw08OluaW/pfOlySk=,oaGho1BhbmFzb25pY6G+VkwtQ01BMTChvyhWTC1DTTIxMNPDpbmlv6Xzpckp[rn]
11-15879,aHR0cDovL3RzaG9wLnIxMHMuanAvaWktc2FrdXJhL2NhYmluZXQvc2FrdXJhemFpa28uanBnP2ZpdGluPTcwMDo3MDA=,NjM4NS42MDAw,,vNLriiA+INeh1azUT4LkvNLriiA+IKS9pM7L+9eh1azUT4LkvNLrig==,ofTU2o7s09Ck6qOhzKjK/c/etqijocWvt7+x49f5IFRPVE+hvlRDRjExNiNTUjKhv6XRpbmlxqXrpdSl86WvpeylrqXlpempYKW1paSluj+lqKXtpfOlsqlgpci85tPDpaalqalgpeCl7KXDpchTIMrc16LJ+q5i,oaE=,ofGl7KWupeWl6algP6Wope2l86WyqWClyKW1paSlurzm08M8YnI+Cjxicj4Kvsk6VENGMTA4P1RDRjEwOT9UQ0YxMTA/VENGMTExPGJyPg==,ofTU2o7s09Ck6qOhzKjK/c/etqijocWvt7+x49f5IFRPVE+hvlRDRjExNiNTUjKhv6XRpbmlxqXrpdSl86WvpeylrqXlpempYKW1paSluj+lqKXtpfOlsqlgpci85tPDpaalqalgpeCl7KXDpchTIMrc16LJ+q5io7qkoqSkpKKkpKW3peelw6XXpLWkr6Tp,ofTU2o7s09Ck6qOhzKjK/c/etqijocWvt7+x49f5IFRPVE+hvlRDRjExNiNTUjKhv6XRpbmlxqXrpdSl86WvpeylrqXlpempYKW1paSluj+lqKXtpfOlsqlgpci85tPDpaalqalgpeCl7KXDpchTIMrc16LJ+q5i,oaGho6H01NqO7NPQpOqjocyoyv3P3raoo6HFr7e/sePX+SBUT1RPob5UQ0YxMTYjU1Iyob+l0aW5pcal66XUpfOlr6Xspa6l5aXpqWCltaWkpbo/pail7aXzpbKpYKXIvObTw6WmpampYKXgpeylw6XIUyDK3NeiyfquYg==[rn]
11-15880,aHR0cDovL3RzaG9wLnIxMHMuanAvaWktc2FrdXJhL2NhYmluZXQvMDExNjQxMDgvdGM1MS1yMS5qcGc/Zml0aW49NzAwOjcwMA==,MjI0OC4wMDAw,,vNLriiA+INeh1azUT4LkvNLriiA+IKS9pM7L+9eh1azUT4LkvNLrig==,VE9UTyDT14O508PRYdb6sePX+aG+VEM1MaG/,oaE=,JCChzA==,VE9UTyDT14O508PRYdb6sePX+aG+VEM1MaG/o7qkoqSkpKKkpKW3peelw6XXpLWkr6Tp,VE9UTyDT14O508PRYdb6sePX+aG+VEM1MaG/,oaGho1RPVE8g09eDudPD0WHW+rHj1/mhvlRDNTGhvw==[rn]
11-15881,aHR0cDovL3RzaG9wLnIxMHMuanAvaWktc2FrdXJhL2NhYmluZXQvc2FrdXJhemFpa28uanBnP2ZpdGluPTcwMDo3MDA=,MTE3My42MDAw,,vNLriiA+INeh1azUT4LkvNLriiA+IKS9pM7L+9eh1azUT4LkvNLrig==,ofTU2o7s09Ck6qOhzKjK/c/etqijoaXRpcqlvaXLpcOlryBQYW5hc29uaWOhoaG+S1gtRkFONTWhv6XvpaSl5KXspbml4qXLpb+pYNfTmUPTw+uKs9il0aXDpa8=,tbG16qSqpLmkuaThyczGt1ylyaWipaSl86W/qWCl26Xz,PGJyPqH5peKly6W/qWDX05lDpM7rirKo17SbcqSskJmkpKTIpK3NqNSSpail6qWipPKSiLTzpMekraTepLmhow==,ofTU2o7s09Ck6qOhzKjK/c/etqijoaXRpcqlvaXLpcOlryBQYW5hc29uaWOhoaG+S1gtRkFONTWhv6XvpaSl5KXspbml4qXLpb+pYNfTmUPTw+uKs9il0aXDpa+juqSipKSkoqSkpbel56XDpdektaSvpOk=,ofTU2o7s09Ck6qOhzKjK/c/etqijoaXRpcqlvaXLpcOlryBQYW5hc29uaWOhoaG+S1gtRkFONTWhv6XvpaSl5KXspbml4qXLpb+pYNfTmUPTw+uKs9il0aXDpa8=,tbG16qSqpLmkuaThyczGt1ylyaWipaSl86W/qWCl26XzoaOh9NTajuzT0KTqo6HMqMr9z962qKOhpdGlyqW9pculw6WvIFBhbmFzb25pY6Ghob5LWC1GQU41NaG/pe+lpKXkpeyluaXipculv6lg19OZQ9PD64qz2KXRpcOlrw==[rn]
11-15882,aHR0cDovL3RzaG9wLnIxMHMuanAvaWktc2FrdXJhL2NhYmluZXQveW91a2k4L3duNjUwM2suanBnP2ZpdGluPTcwMDo3MDA=,MTg4LjAwMDA=,,vNLriiA+INeh1azUT4LkvNLriiA+IKS9pM7L+9eh1azUT4LkvNLrig==,pdGlyqW9pculw6WvIMXkvoDG977fob5XTjY1MDNLob8opdWl66WzqWClyLzTuaQp0MK98Mr0pdel7KlgpcggKDLQzSkgM6Wz08M=,tbG16qSqpLmkuaThyczGt1yl0aXKpb2ly6XDpa/rirmk,,pdGlyqW9pculw6WvIMXkvoDG977fob5XTjY1MDNLob8opdWl66WzqWClyLzTuaQp0MK98Mr0pdel7KlgpcggKDLQzSkgM6Wz08OjuqSipKSkoqSkpbel56XDpdektaSvpOk=,pdGlyqW9pculw6WvIMXkvoDG977fob5XTjY1MDNLob8opdWl66WzqWClyLzTuaQp0MK98Mr0pdel7KlgpcggKDLQzSkgM6Wz08M=,tbG16qSqpLmkuaThyczGt1yl0aXKpb2ly6XDpa/rirmkoaOl0aXKpb2ly6XDpa8gxeS+gMb3vt+hvldONjUwM0uhvyil1aXrpbOpYKXIvNO5pCnQwr3wyvSl16XsqWClyCAoMtDNKSAzpbPTww==[rn]
11-15883,aHR0cDovL3RzaG9wLnIxMHMuanAvaWktc2FrdXJhL2NhYmluZXQveW91a2k4L3duNzU5Ni5qcGc/Zml0aW49NzAwOjcwMA==,MjM0MC44MDAw,,vNLriiA+INeh1azUT4LkvNLriiA+IKS9pM7L+9eh1azUT4LkvNLrig==,pdGlyqW9pculw6WvIMXkvoDG977fob5XTjc1OTahvyil1aXrpbOpYKXIvNO5pCkg0MK98Mr0paul0Klgpdel7KlgpcggKMihuLaWmLi2KTbfQg==,tbG16qSqpLmkuaThyczGt1yl0aXKpb2ly6XDpa/rirmk,PGZvbnQgc2l6ZT0iNCI+PGI+ofnJzMa3u63P8aTP1JO1saW3peqpYKW6pM60+rHttcSkyqWkpeGpYKW4u63P8aTHpLmhozxicj4KyczGt8P7pMvTm91kpM7QzbespM6kqsrWxeSky6TKpOqk3qS5pM6kx6Giyas/0M4/0o648aTKpMmk8qS0tF/VSqTOyc+hoqS016LOxM/CpLWkpKGjPC9iPjwvZm9udD48YnI+,pdGlyqW9pculw6WvIMXkvoDG977fob5XTjc1OTahvyil1aXrpbOpYKXIvNO5pCkg0MK98Mr0paul0Klgpdel7KlgpcggKMihuLaWmLi2KTbfQqO6pKKkpKSipKSlt6XnpcOl16S1pK+k6Q==,pdGlyqW9pculw6WvIMXkvoDG977fob5XTjc1OTahvyil1aXrpbOpYKXIvNO5pCkg0MK98Mr0paul0Klgpdel7KlgpcggKMihuLaWmLi2KTbfQg==,tbG16qSqpLmkuaThyczGt1yl0aXKpb2ly6XDpa/rirmkoaOl0aXKpb2ly6XDpa8gxeS+gMb3vt+hvldONzU5NqG/KKXVpeuls6lgpci807mkKSDQwr3wyvSlq6XQqWCl16XsqWClyCAoyKG4tpaYuLYpNt9C[rn]
11-15884,aHR0cDovL3RzaG9wLnIxMHMuanAvaWktc2FrdXJhL2NhYmluZXQveW91a2k4L3duNzUwMTAxMC5qcGc/Zml0aW49NzAwOjcwMA==,MTU5NC40MDAw,,vNLriiA+INeh1azUT4LkvNLriiA+IKS9pM7L+9eh1azUT4LkvNLrig==,pdGlyqW9pculw6WvIMXkvoDG977fob5XTjc1MDEwMTChvyil1aXrpbOpYKXIvNO5pCnQwr3wyvSl16XsqWClyCAxpbPTwyAoMTDDtsjrKQ==,tbG16qSqpLmkuaThyczGt1yl0aXKpb2ly6XDpa/rirmk,,pdGlyqW9pculw6WvIMXkvoDG977fob5XTjc1MDEwMTChvyil1aXrpbOpYKXIvNO5pCnQwr3wyvSl16XsqWClyCAxpbPTwyAoMTDDtsjrKaO6pKKkpKSipKSlt6XnpcOl16S1pK+k6Q==,pdGlyqW9pculw6WvIMXkvoDG977fob5XTjc1MDEwMTChvyil1aXrpbOpYKXIvNO5pCnQwr3wyvSl16XsqWClyCAxpbPTwyAoMTDDtsjrKQ==,tbG16qSqpLmkuaThyczGt1yl0aXKpb2ly6XDpa/rirmkoaOl0aXKpb2ly6XDpa8gxeS+gMb3vt+hvldONzUwMTAxMKG/KKXVpeuls6lgpci807mkKdDCvfDK9KXXpeypYKXIIDGls9PDICgxMMO2yOsp[rn]
11-15885,aHR0cDovL3RzaG9wLnIxMHMuanAvaWktc2FrdXJhL2NhYmluZXQvMDExODIwMzEvYnQ3NnItcjEuZ2lmP2ZpdGluPTcwMDo3MDA=,ODQ3OS4yMDAw,,vNLriiA+INeh1azUT4LkvNLriiA+IKS9pM7L+9eh1azUT4LkvNLrig==,IyMjSU5BWKGhuobS18uuz7Sx48b3oaGly6XlqWClyKWkpeypYKXKRqG+QlQtNzZSob+Mn9PDseOy27K/xrehobP0zbu53KW7pcOlyA==,oaE=,PGZvbnQgc2l6ZT0iNCIgY29sb3I9IiI+PGI+ofmks6TBpOmkzsnMxrekz6S0yOu98LRf1Urh4aTOpKrK1sXkpMekuaGjpeGpYKWrqWDWscvNxrekyKTKpOqk3qS5oaM8L2I+PC9mb250Pjxicj6h8dfUyeex47LbjJ/Tw6TOs/TNu7ncsr/Gt6Typbulw6XIpLfIoZJRpKQ/1E/Ww6TyyN3S16TLpLek3qS5oaM8YnI+,IyMjSU5BWKGhuobS18uuz7Sx48b3oaGly6XlqWClyKWkpeypYKXKRqG+QlQtNzZSob+Mn9PDseOy27K/xrehobP0zbu53KW7pcOlyKO6pKKkpKSipKSlt6XnpcOl16S1pK+k6Q==,IyMjSU5BWKGhuobS18uuz7Sx48b3oaGly6XlqWClyKWkpeypYKXKRqG+QlQtNzZSob+Mn9PDseOy27K/xrehobP0zbu53KW7pcOlyA==,oaGhoyMjI0lOQVihobqG0tfLrs+0sePG96Ghpcul5algpcilpKXsqWClykahvkJULTc2UqG/jJ/Tw7Hjstuyv8a3oaGz9M27udylu6XDpcg=[rn]
11-15886,aHR0cDovL3RzaG9wLnIxMHMuanAvaWktc2FrdXJhL2NhYmluZXQvMDExODIwMzEvYnQxM3ItcjEuZ2lmP2ZpdGluPTcwMDo3MDA=,NTUyLjgwMDA=,,vNLriiA+INeh1azUT4LkvNLriiA+IKS9pM7L+9eh1azUT4LkvNLrig==,SU5BWKGhuobS18uuz7Sx48b3oaGly6XlqWClyKWkpeypYKXKRqG+QlQtMTNSob+Mn9PDseOy27K/xrehodfU1NqlqKXrpdw=,oaE=,ofG9x7bIpKy/yYnkpMehorHjstuk2KTOxeS53KTyyN3S16TLpLek3qS5oaM8YnI+,SU5BWKGhuobS18uuz7Sx48b3oaGly6XlqWClyKWkpeypYKXKRqG+QlQtMTNSob+Mn9PDseOy27K/xrehodfU1NqlqKXrpdyjuqSipKSkoqSkpbel56XDpdektaSvpOk=,SU5BWKGhuobS18uuz7Sx48b3oaGly6XlqWClyKWkpeypYKXKRqG+QlQtMTNSob+Mn9PDseOy27K/xrehodfU1NqlqKXrpdw=,oaGho0lOQVihobqG0tfLrs+0sePG96Ghpcul5algpcilpKXsqWClykahvkJULTEzUqG/jJ/Tw7Hjstuyv8a3oaHX1NTapail66Xc[rn]
11-15887,aHR0cDovL3RzaG9wLnIxMHMuanAvaWktc2FrdXJhL2NhYmluZXQvMDExODIwMzEvYnQxMTRyLXIxLmdpZj9maXRpbj03MDA6NzAw,NzEyMC44MDAw,,vNLriiA+INeh1azUT4LkvNLriiA+IKS9pM7L+9eh1azUT4LkvNLrig==,SU5BWKGhuobS18uuz7Sx48b3oaGly6XlqWClyKWkpeypYKXKRqG+QlQtMTE0UqG/jJ/Tw7Hjstuyv8a3oaEy60HTw8Xkudylu6XDpcg=,oaE=,ofFCVC0xMDAwUkaholNSRtLUzeKkzqW/paSl16THpcul5algpcilpKXsqWClykak8jE/MutBpKqk6KTTMutBpM6k36TL1E/Ww6S5pOuI9rrPpMvKudPDpLek3qS5oaM8YnI+,SU5BWKGhuobS18uuz7Sx48b3oaGly6XlqWClyKWkpeypYKXKRqG+QlQtMTE0UqG/jJ/Tw7Hjstuyv8a3oaEy60HTw8Xkudylu6XDpcijuqSipKSkoqSkpbel56XDpdektaSvpOk=,SU5BWKGhuobS18uuz7Sx48b3oaGly6XlqWClyKWkpeypYKXKRqG+QlQtMTE0UqG/jJ/Tw7Hjstuyv8a3oaEy60HTw8Xkudylu6XDpcg=,oaGho0lOQVihobqG0tfLrs+0sePG96Ghpcul5algpcilpKXsqWClykahvkJULTExNFKhv4yf08Ox47Lbsr/Gt6GhMutB08PF5Lncpbulw6XI[rn]
11-15888,aHR0cDovL3RzaG9wLnIxMHMuanAvaWktc2FrdXJhL2NhYmluZXQvMDExODIwMzEvYnQxOHItcjEuZ2lmP2ZpdGluPTcwMDo3MDA=,MzY4MC4wMDAw,,vNLriiA+INeh1azUT4LkvNLriiA+IKS9pM7L+9eh1azUT4LkvNLrig==,SU5BWKGhuobS18uuz7Sx48b3oaGly6XlqWClyKWkpeypYKXKRqG+QlQtMThSob+Mn9PDseOy27K/xrehocXFmt3JyA==,oaE=,ofGltalgpdOluaXRqWClxDxicj4=,SU5BWKGhuobS18uuz7Sx48b3oaGly6XlqWClyKWkpeypYKXKRqG+QlQtMThSob+Mn9PDseOy27K/xrehocXFmt3JyKO6pKKkpKSipKSlt6XnpcOl16S1pK+k6Q==,SU5BWKGhuobS18uuz7Sx48b3oaGly6XlqWClyKWkpeypYKXKRqG+QlQtMThSob+Mn9PDseOy27K/xrehocXFmt3JyA==,oaGho0lOQVihobqG0tfLrs+0sePG96Ghpcul5algpcilpKXsqWClykahvkJULTE4UqG/jJ/Tw7Hjstuyv8a3oaHFxZrdycg=[rn]
11-15889,aHR0cDovL3RzaG9wLnIxMHMuanAvaWktc2FrdXJhL2NhYmluZXQvMDExODIwMzEvYnQxNHItcjEuZ2lmP2ZpdGluPTcwMDo3MDA=,MTQwMC44MDAw,,vNLriiA+INeh1azUT4LkvNLriiA+IKS9pM7L+9eh1azUT4LkvNLrig==,SU5BWKGhuobS18uuz7Sx48b3oaGly6XlqWClyKWkpeypYKXKRqG+QlQtMTRSob+Mn9PDseOy27K/xrehoaXepfOl26lgpeuloqXApdelv6lg,oaE=,ofG64dDOseOy26TOiPa6z6TkoaK/a9DOseOy26THseOy26Tyye6kr8LxpOHeeqTgsdjSqqTOpKKk65VypMvKudPDpLek3qS5oaOjqL5ApK7X46S3udyjqTxicj4=,SU5BWKGhuobS18uuz7Sx48b3oaGly6XlqWClyKWkpeypYKXKRqG+QlQtMTRSob+Mn9PDseOy27K/xrehoaXepfOl26lgpeuloqXApdelv6lgo7qkoqSkpKKkpKW3peelw6XXpLWkr6Tp,SU5BWKGhuobS18uuz7Sx48b3oaGly6XlqWClyKWkpeypYKXKRqG+QlQtMTRSob+Mn9PDseOy27K/xrehoaXepfOl26lgpeuloqXApdelv6lg,oaGho0lOQVihobqG0tfLrs+0sePG96Ghpcul5algpcilpKXsqWClykahvkJULTE0UqG/jJ/Tw7Hjstuyv8a3oaGl3qXzpdupYKXrpaKlwKXXpb+pYA==[rn]
11-15890,aHR0cDovL3RzaG9wLnIxMHMuanAvaWktc2FrdXJhL2NhYmluZXQvMDExODIwMzEvYnQxN3ItcjEuZ2lmP2ZpdGluPTcwMDo3MDA=,MTAxMi44MDAw,,vNLriiA+INeh1azUT4LkvNLriiA+IKS9pM7L+9eh1azUT4LkvNLrig==,SU5BWKGhuobS18uuz7Sx48b3oaGly6XlqWClyKWkpeypYKXKRqG+QlQtMTdSob+Mn9PDseOy27K/xrehobP0zbulwalgpbqlu6XDpcg=,oaE=,ofG8yNRPseOy26TYpM6z9M27udzUT9bDpPLI3dLXpMukt6TepLmhozxicj4=,SU5BWKGhuobS18uuz7Sx48b3oaGly6XlqWClyKWkpeypYKXKRqG+QlQtMTdSob+Mn9PDseOy27K/xrehobP0zbulwalgpbqlu6XDpcijuqSipKSkoqSkpbel56XDpdektaSvpOk=,SU5BWKGhuobS18uuz7Sx48b3oaGly6XlqWClyKWkpeypYKXKRqG+QlQtMTdSob+Mn9PDseOy27K/xrehobP0zbulwalgpbqlu6XDpcg=,oaGho0lOQVihobqG0tfLrs+0sePG96Ghpcul5algpcilpKXsqWClykahvkJULTE3UqG/jJ/Tw7Hjstuyv8a3oaGz9M27pcGpYKW6pbulw6XI[rn]
11-15891,aHR0cDovL3RzaG9wLnIxMHMuanAvaWktc2FrdXJhL2NhYmluZXQvMDExODIwMzEvYnQ4ci1yMS5naWY/Zml0aW49NzAwOjcwMA==,ODkzLjYwMDA=,,vNLriiA+INeh1azUT4LkvNLriiA+IKS9pM7L+9eh1azUT4LkvNLrig==,SU5BWKGhuobS18uuz7Sx48b3oaGly6XlqWClyKWkpeypYKXKRqG+QlQtOFKhv4yf08Ox47Lbsr/Gt6Ghn2+z9LHjstvTw73TvkGlvaWxpcOlyA==,oaE=,ofG8yNRPpM6fb7P0seOy26TLvdO+QaS5pOuI9rrPpMvKudPDpLek3qS5oaM8YnI+,SU5BWKGhuobS18uuz7Sx48b3oaGly6XlqWClyKWkpeypYKXKRqG+QlQtOFKhv4yf08Ox47Lbsr/Gt6Ghn2+z9LHjstvTw73TvkGlvaWxpcOlyKO6pKKkpKSipKSlt6XnpcOl16S1pK+k6Q==,SU5BWKGhuobS18uuz7Sx48b3oaGly6XlqWClyKWkpeypYKXKRqG+QlQtOFKhv4yf08Ox47Lbsr/Gt6Ghn2+z9LHjstvTw73TvkGlvaWxpcOlyA==,oaGho0lOQVihobqG0tfLrs+0sePG96Ghpcul5algpcilpKXsqWClykahvkJULThSob+Mn9PDseOy27K/xrehoZ9vs/Sx47Lb08O9075Bpb2lsaXDpcg=[rn]
11-15892,aHR0cDovL3RzaG9wLnIxMHMuanAvaWktc2FrdXJhL2NhYmluZXQvYXlha2EyL2NmMThhbGotcjEuanBnP2ZpdGluPTcwMDo3MDA=,MTI5MjIuNDAwMA==,,vNLriiA+INeh1azUT4LkvNLriiA+IKS9pM7L+9eh1azUT4LkvNLrig==,pc2l3aXzIMWvt7+x49f5ob5DRi0xOEFMSqG/pdel6qXGpaOpYKXKoaFBVFctNTDTw8Wvt7+x49f5o6ilqKXtpfOlsqlgpcijqaGhQUMxMDBWPzQ1Vw==,sePG91ylzaXdpfO6htLXpcilpKXs,PGJyPj+ks6TBpOmkzsnMxrekz7T60v2kraTOpKrIoaTqklGkpKSspMekraTepLuk86GjCqGhpLTI673wtF/VSuHhpM6wa8vNpMikyqTqpN6kuaGjPGJyPg==,pc2l3aXzIMWvt7+x49f5ob5DRi0xOEFMSqG/pdel6qXGpaOpYKXKoaFBVFctNTDTw8Wvt7+x49f5o6ilqKXtpfOlsqlgpcijqaGhQUMxMDBWPzQ1V6O6pKKkpKSipKSlt6XnpcOl16S1pK+k6Q==,pc2l3aXzIMWvt7+x49f5ob5DRi0xOEFMSqG/pdel6qXGpaOpYKXKoaFBVFctNTDTw8Wvt7+x49f5o6ilqKXtpfOlsqlgpcijqaGhQUMxMDBWPzQ1Vw==,sePG91ylzaXdpfO6htLXpcilpKXsoaOlzaXdpfMgxa+3v7Hj1/mhvkNGLTE4QUxKob+l16Xqpcalo6lgpcqhoUFUVy01MNPDxa+3v7Hj1/mjqKWope2l86WyqWClyKOpoaFBQzEwMFY/NDVX[rn]
11-15893,aHR0cDovL3RzaG9wLnIxMHMuanAvaWktc2FrdXJhL2NhYmluZXQvYXlha2EyL2NmMThhc2otcjEuanBnP2ZpdGluPTcwMDo3MDA=,MTI5MjIuNDAwMA==,,vNLriiA+INeh1azUT4LkvNLriiA+IKS9pM7L+9eh1azUT4LkvNLrig==,pc2l3aXzoaHFr7e/sePX+aG+Q0YtMThBU0qhv6XXpeqlxqWjqWClyqGhQVRX08PFr7e/sePX+aOopeylrqXlpempYKOpoaFBQzEwMFY/NDVX,sePG91ylzaXdpfO6htLXpcilpKXs,PGJyPj+ks6TBpOmkzsnMxrekz7T60v2kraTOpKrIoaTqklGkpKSspMekraTepLuk86GjCqGhpLTI673wtF/VSuHhpM6wa8vNpMikyqTqpN6kuaGjPGJyPg==,pc2l3aXzoaHFr7e/sePX+aG+Q0YtMThBU0qhv6XXpeqlxqWjqWClyqGhQVRX08PFr7e/sePX+aOopeylrqXlpempYKOpoaFBQzEwMFY/NDVXo7qkoqSkpKKkpKW3peelw6XXpLWkr6Tp,pc2l3aXzoaHFr7e/sePX+aG+Q0YtMThBU0qhv6XXpeqlxqWjqWClyqGhQVRX08PFr7e/sePX+aOopeylrqXlpempYKOpoaFBQzEwMFY/NDVX,sePG91ylzaXdpfO6htLXpcilpKXsoaOlzaXdpfOhocWvt7+x49f5ob5DRi0xOEFTSqG/pdel6qXGpaOpYKXKoaFBVFfTw8Wvt7+x49f5o6il7KWupeWl6algo6mhoUFDMTAwVj80NVc=[rn]
11-15894,aHR0cDovL3RzaG9wLnIxMHMuanAvaWktc2FrdXJhL2NhYmluZXQvYXlha2EyLzIxNDM4NTAwMS1yMS5qcGc/Zml0aW49NzAwOjcwMA==,MTMxMC40MDAw,,vNLriiA+INeh1azUT4LkvNLriiA+IKS9pM7L+9eh1azUT4LkvNLrig==,pc2l3aXzIOl230Kyv7LEob4yMTQzODUwMDGhv8+0m7elrKXzvdO+QaXLpcOl16Xrpbulw6XI,sePG91ylzaXdpfO6htLXpcilpKXs,PGJyPg==,pc2l3aXzIOl230Kyv7LEob4yMTQzODUwMDGhv8+0m7elrKXzvdO+QaXLpcOl16Xrpbulw6XIo7qkoqSkpKKkpKW3peelw6XXpLWkr6Tp,pc2l3aXzIOl230Kyv7LEob4yMTQzODUwMDGhv8+0m7elrKXzvdO+QaXLpcOl16Xrpbulw6XI,sePG91ylzaXdpfO6htLXpcilpKXsoaOlzaXdpfMg6XbfQrK/ssShvjIxNDM4NTAwMaG/z7Sbt6WspfO9075Bpculw6XXpeulu6XDpcg=[rn]
11-15895,aHR0cDovL3RzaG9wLnIxMHMuanAvaWktc2FrdXJhL2NhYmluZXQvYXlha2E3L2ltZzYwMTE0NTU4LmpwZz9maXRpbj03MDA6NzAw,NjkwOS42MDAw,,vNLriiA+INeh1azUT4LkvNLriiA+IKS9pM7L+9eh1azUT4LkvNLrig==,IyMjpc2l3aXzoaEgpcilpKXs6XbfQrK/ssShvk5MLTEwUKG/o6gxMDYxNDAwMDCjqaXRqWCl66XIpaSl7KGhjJ/Tw9K6o6iYSYTV08OjqaGhpc2l3aXOqWCl66GhMTBM,sePG91ylzaXdpfO6htLXpcilpKXs,vHvG2qSrpKukw6TGpKqk6qTepLko1JSkt6SvpM+kqoaWpKS6z6TvpLukr6TApLWkpCkgPGJyPjxicj6h+aSzpMGk6aTOyczGt6TPpLTI673wtF/VSuHhpM6kqsrWxeSkx6S5oaO0+tL9pK2kx6TOpKrIoaTqklGkpKTPpMekraTepLuk86GjPGJyPjxicj4=,IyMjpc2l3aXzoaEgpcilpKXs6XbfQrK/ssShvk5MLTEwUKG/o6gxMDYxNDAwMDCjqaXRqWCl66XIpaSl7KGhjJ/Tw9K6o6iYSYTV08OjqaGhpc2l3aXOqWCl66GhMTBMo7qkoqSkpKKkpKW3peelw6XXpLWkr6Tp,IyMjpc2l3aXzoaEgpcilpKXs6XbfQrK/ssShvk5MLTEwUKG/o6gxMDYxNDAwMDCjqaXRqWCl66XIpaSl7KGhjJ/Tw9K6o6iYSYTV08OjqaGhpc2l3aXOqWCl66GhMTBM,sePG91ylzaXdpfO6htLXpcilpKXsoaMjIyOlzaXdpfOhoSClyKWkpezpdt9Csr+yxKG+TkwtMTBQob+jqDEwNjE0MDAwMKOppdGpYKXrpcilpKXsoaGMn9PD0rqjqJhJhNXTw6OpoaGlzaXdpc6pYKXroaExMEw=[rn]
11-15896,aHR0cDovL3RzaG9wLnIxMHMuanAvaWktc2FrdXJhL2NhYmluZXQvYXlha2EyLzE2NjExMDAwLXIxLmpwZz9maXRpbj03MDA6NzAw,ODcwNi40MDAw,,vNLriiA+INeh1azUT4LkvNLriiA+IKS9pM7L+9eh1azUT4LkvNLrig==,pc2l3aXzIOl230Kyv7LEob4wMTY2MTEwMDChv6XRpfOlv6XtpfO0sqXVpeml86W4pbulw6XI0fPKvdPD,sePG91ylzaXdpfO6htLXpcilpKXs,PGJyPg==,pc2l3aXzIOl230Kyv7LEob4wMTY2MTEwMDChv6XRpfOlv6XtpfO0sqXVpeml86W4pbulw6XI0fPKvdPDo7qkoqSkpKKkpKW3peelw6XXpLWkr6Tp,pc2l3aXzIOl230Kyv7LEob4wMTY2MTEwMDChv6XRpfOlv6XtpfO0sqXVpeml86W4pbulw6XI0fPKvdPD,sePG91ylzaXdpfO6htLXpcilpKXsoaOlzaXdpfMg6XbfQrK/ssShvjAxNjYxMTAwMKG/pdGl86W/pe2l87SypdWl6aXzpbilu6XDpcjR88q908M=[rn]
11-15897,aHR0cDovL3RzaG9wLnIxMHMuanAvaWktc2FrdXJhL2NhYmluZXQvYXlha2EyLzcxMTQwMDAwMC1yMS5qcGc/Zml0aW49NzAwOjcwMA==,MjQxNi44MDAw,,vNLriiA+INeh1azUT4LkvNLriiA+IKS9pM7L+9eh1azUT4LkvNLrig==,pc2l3aXzoaEgpcilpKXs6XbfQrK/ssShvjcxMTQwMDAwMKG/xd234qXqpfOlsKGhU1RX08M=,sePG91ylzaXdpfO6htLXpcilpKXs,PGJyPg==,pc2l3aXzoaEgpcilpKXs6XbfQrK/ssShvjcxMTQwMDAwMKG/xd234qXqpfOlsKGhU1RX08OjuqSipKSkoqSkpbel56XDpdektaSvpOk=,pc2l3aXzoaEgpcilpKXs6XbfQrK/ssShvjcxMTQwMDAwMKG/xd234qXqpfOlsKGhU1RX08M=,sePG91ylzaXdpfO6htLXpcilpKXsoaOlzaXdpfOhoSClyKWkpezpdt9Csr+yxKG+NzExNDAwMDAwob/F3bfipeql86WwoaFTVFfTww==[rn]
11-15898,aHR0cDovL3RzaG9wLnIxMHMuanAvaWktc2FrdXJhL2NhYmluZXQvYXlha2EyLzc1MDI5MDAwMC1yMS5qcGc/Zml0aW49NzAwOjcwMA==,MjA0LjgwMDA=,,vNLriiA+INeh1azUT4LkvNLriiA+IKS9pM7L+9eh1azUT4LkvNLrig==,pc2l3aXzoaEgpcilpKXs6XbfQrK/ssShvjc1MDI5MDAwMKG/o6gxODY1MTQwMDCjqVNUVy0zMLBrs2ilv6Xzpa/Tw6XSqWClv6lgpdelw6W3peU=,sePG91ylzaXdpfO6htLXpcilpKXs,PGJyPlNUVy0zMLBrxd2lv6Xzpa/Tww==,pc2l3aXzoaEgpcilpKXs6XbfQrK/ssShvjc1MDI5MDAwMKG/o6gxODY1MTQwMDCjqVNUVy0zMLBrs2ilv6Xzpa/Tw6XSqWClv6lgpdelw6W3peWjuqSipKSkoqSkpbel56XDpdektaSvpOk=,pc2l3aXzoaEgpcilpKXs6XbfQrK/ssShvjc1MDI5MDAwMKG/o6gxODY1MTQwMDCjqVNUVy0zMLBrs2ilv6Xzpa/Tw6XSqWClv6lgpdelw6W3peU=,sePG91ylzaXdpfO6htLXpcilpKXsoaOlzaXdpfOhoSClyKWkpezpdt9Csr+yxKG+NzUwMjkwMDAwob+jqDE4NjUxNDAwMKOpU1RXLTMwsGuzaKW/pfOlr9PDpdKpYKW/qWCl16XDpbel5Q==[rn]
11-15899,aHR0cDovL3RzaG9wLnIxMHMuanAvaWktc2FrdXJhL2NhYmluZXQvYXlha2EyLzY0MTIxMDAwMC1yMS5qcGc/Zml0aW49NzAwOjcwMA==,MjQxNi44MDAw,,vNLriiA+INeh1azUT4LkvNLriiA+IKS9pM7L+9eh1azUT4LkvNLrig==,pc2l3aXzoaEgpcilpKXs6XbfQrK/ssShvjY0MTIxMDAwMKG/xd234qXqpfOlsKGhU1RK08M=,sePG91ylzaXdpfO6htLXpcilpKXs,PGJyPg==,pc2l3aXzoaEgpcilpKXs6XbfQrK/ssShvjY0MTIxMDAwMKG/xd234qXqpfOlsKGhU1RK08OjuqSipKSkoqSkpbel56XDpdektaSvpOk=,pc2l3aXzoaEgpcilpKXs6XbfQrK/ssShvjY0MTIxMDAwMKG/xd234qXqpfOlsKGhU1RK08M=,sePG91ylzaXdpfO6htLXpcilpKXsoaOlzaXdpfOhoSClyKWkpezpdt9Csr+yxKG+NjQxMjEwMDAwob/F3bfipeql86WwoaFTVErTww==[rn]
11-15900,aHR0cDovL3RzaG9wLnIxMHMuanAvaWktc2FrdXJhL2NhYmluZXQvMDExODIwMzEvdGYyODIwY3ctcjEuanBnP2ZpdGluPTcwMDo3MDA=,MjY1Ni4wMDAw,,vNLriiA+INeh1azUT4LkvNLriiA+IKS9pM7L+9eh1azUT4LkvNLrig==,SU5BWKGhpcilpKXssr/Gt6G+VEYtMjgyMENXob+089Chx9DM5qXVpe2pYKXI282jqMH3hNPKvaOp,oaE=,JCCh7w==,SU5BWKGhpcilpKXssr/Gt6G+VEYtMjgyMENXob+089Chx9DM5qXVpe2pYKXI282jqMH3hNPKvaOpo7qkoqSkpKKkpKW3peelw6XXpLWkr6Tp,SU5BWKGhpcilpKXssr/Gt6G+VEYtMjgyMENXob+089Chx9DM5qXVpe2pYKXI282jqMH3hNPKvaOp,oaGho0lOQVihoaXIpaSl7LK/xrehvlRGLTI4MjBDV6G/tPPQocfQzOal1aXtqWClyNvNo6jB94TTyr2jqQ==[rn]
